Molen;Datum;Totale productie (kWh);Per winddeel (kWh);9 Winddelen (kWh)
De Witte Juffer;2019-01-12;0;0;0
De Witte Juffer;2019-01-11;7644;1,336;12,025
De Witte Juffer;2019-01-10;2698;0,472;4,244
De Witte Juffer;2019-01-09;20922;3,657;32,913
De Witte Juffer;2019-01-08;38468;6,724;60,516
De Witte Juffer;2019-01-07;17742;3,101;27,911
De Witte Juffer;2019-01-06;2806;0,49;4,414
De Witte Juffer;2019-01-05;13408;2,344;21,093
De Witte Juffer;2019-01-04;4484;0,784;7,054
De Witte Juffer;2019-01-03;3386;0,592;5,327
De Witte Juffer;2019-01-02;10922;1,909;17,182
De Witte Juffer;2019-01-01;17964;3,14;28,26
De Witte Juffer;2018-12-31;4150;0,725;6,529
De Witte Juffer;2018-12-30;7395;1,293;11,633
De Witte Juffer;2018-12-29;21215;3,708;33,374
De Witte Juffer;2018-12-28;2103;0,368;3,308
De Witte Juffer;2018-12-27;1312;0,229;2,064
De Witte Juffer;2018-12-26;3486;0,609;5,484
De Witte Juffer;2018-12-25;7816;1,366;12,296
De Witte Juffer;2018-12-24;2909;0,508;4,576
De Witte Juffer;2018-12-23;5763;1,007;9,066
De Witte Juffer;2018-12-22;20286;3,546;31,913
De Witte Juffer;2018-12-21;33615;5,876;52,881
De Witte Juffer;2018-12-20;16155;2,824;25,414
De Witte Juffer;2018-12-19;13114;2,292;20,63
De Witte Juffer;2018-12-18;15666;2,738;24,645
De Witte Juffer;2018-12-17;11644;2,035;18,318
De Witte Juffer;2018-12-16;5464;0,955;8,596
De Witte Juffer;2018-12-15;17205;3,007;27,066
De Witte Juffer;2018-12-14;5725;1,001;9,006
De Witte Juffer;2018-12-13;9198;1,608;14,47
De Witte Juffer;2018-12-12;1407;0,246;2,213
De Witte Juffer;2018-12-11;3821;0,668;6,011
De Witte Juffer;2018-12-10;11254;1,967;17,704
De Witte Juffer;2018-12-09;31001;5,419;48,769
De Witte Juffer;2018-12-08;41373;7,232;65,086
De Witte Juffer;2018-12-07;29914;5,229;47,059
De Witte Juffer;2018-12-06;16381;2,863;25,77
De Witte Juffer;2018-12-05;8229;1,438;12,945
De Witte Juffer;2018-12-04;1345;0,235;2,116
De Witte Juffer;2018-12-03;26636;4,656;41,902
De Witte Juffer;2018-12-02;24937;4,359;39,23
De Witte Juffer;2018-12-01;20444;3,574;32,162
De Witte Juffer;2018-11-30;16081;2,811;25,298
De Witte Juffer;2018-11-29;23859;4,17;37,534
De Witte Juffer;2018-11-28;20807;3,637;32,733
De Witte Juffer;2018-11-27;4554;0,796;7,164
De Witte Juffer;2018-11-26;4292;0,75;6,752
De Witte Juffer;2018-11-25;2430;0,425;3,823
De Witte Juffer;2018-11-24;3271;0,572;5,146
De Witte Juffer;2018-11-23;3751;0,656;5,901
De Witte Juffer;2018-11-22;1918;0,335;3,017
De Witte Juffer;2018-11-21;4250;0,743;6,686
De Witte Juffer;2018-11-20;27501;4,807;43,263
De Witte Juffer;2018-11-19;22183;3,877;34,897
De Witte Juffer;2018-11-18;13013;2,275;20,471
De Witte Juffer;2018-11-17;9780;1,709;15,385
De Witte Juffer;2018-11-16;6284;1,098;9,886
De Witte Juffer;2018-11-15;6033;1,055;9,491
De Witte Juffer;2018-11-14;7578;1,325;11,921
De Witte Juffer;2018-11-13;19230;3,361;30,252
De Witte Juffer;2018-11-12;4048;0,708;6,368
De Witte Juffer;2018-11-11;17475;3,055;27,491
De Witte Juffer;2018-11-10;18681;3,265;29,388
De Witte Juffer;2018-11-09;7309;1,278;11,498
De Witte Juffer;2018-11-08;7748;1,354;12,189
De Witte Juffer;2018-11-07;17086;2,987;26,879
De Witte Juffer;2018-11-06;9415;1,646;14,811
De Witte Juffer;2018-11-05;4027;0,704;6,335
De Witte Juffer;2018-11-04;5891;1,03;9,267
De Witte Juffer;2018-11-03;4665;0,815;7,339
De Witte Juffer;2018-11-02;5212;0,911;8,199
De Witte Juffer;2018-11-01;8219;1,437;12,93
De Witte Juffer;2018-10-31;9191;1,607;14,459
De Witte Juffer;2018-10-30;16398;2,866;25,797
De Witte Juffer;2018-10-29;9095;1,59;14,308
De Witte Juffer;2018-10-28;14106;2,466;22,191
De Witte Juffer;2018-10-27;3959;0,692;6,228
De Witte Juffer;2018-10-26;7247;1,267;11,401
De Witte Juffer;2018-10-25;4833;0,845;7,603
De Witte Juffer;2018-10-24;13500;2,36;21,238
De Witte Juffer;2018-10-23;15656;2,737;24,629
De Witte Juffer;2018-10-22;5359;0,937;8,431
De Witte Juffer;2018-10-21;1296;0,227;2,039
De Witte Juffer;2018-10-20;-7;-0,001;-0,011
De Witte Juffer;2018-10-19;2554;0,446;4,018
De Witte Juffer;2018-10-18;4679;0,818;7,361
De Witte Juffer;2018-10-17;1560;0,273;2,454
De Witte Juffer;2018-10-16;3127;0,547;4,919
De Witte Juffer;2018-10-15;4121;0,72;6,483
De Witte Juffer;2018-10-14;10784;1,885;16,965
De Witte Juffer;2018-10-13;9452;1,652;14,869
De Witte Juffer;2018-10-12;12841;2,245;20,201
De Witte Juffer;2018-10-11;10290;1,799;16,188
De Witte Juffer;2018-10-10;7047;1,232;11,086
De Witte Juffer;2018-10-09;3596;0,629;5,657
De Witte Juffer;2018-10-08;2577;0,45;4,054
De Witte Juffer;2018-10-07;7696;1,345;12,107
De Witte Juffer;2018-10-06;3415;0,597;5,372
De Witte Juffer;2018-10-05;3655;0,639;5,75
De Witte Juffer;2018-10-04;5319;0,93;8,368
De Witte Juffer;2018-10-03;4299;0,751;6,763
De Witte Juffer;2018-10-02;9675;1,691;15,22
De Witte Juffer;2018-10-01;8584;1,5;13,504
De Witte Juffer;2018-09-30;1913;0,334;3,009
De Witte Juffer;2018-09-29;-14;-0,002;-0,022
De Witte Juffer;2018-09-28;1851;0,324;2,912
De Witte Juffer;2018-09-27;-132;-0,023;-0,208
De Witte Juffer;2018-09-26;3470;0,607;5,459
De Witte Juffer;2018-09-25;1080;0,189;1,699
De Witte Juffer;2018-09-24;8195;1,432;12,892
De Witte Juffer;2018-09-23;3477;0,608;5,47
De Witte Juffer;2018-09-22;11255;1,967;17,706
De Witte Juffer;2018-09-21;33661;5,884;52,954
De Witte Juffer;2018-09-20;10859;1,898;17,083
De Witte Juffer;2018-09-19;12146;2,123;19,107
De Witte Juffer;2018-09-18;15548;2,718;24,459
De Witte Juffer;2018-09-17;5976;1,045;9,401
De Witte Juffer;2018-09-16;5064;0,885;7,966
De Witte Juffer;2018-09-15;3398;0,594;5,346
De Witte Juffer;2018-09-14;4288;0,75;6,746
De Witte Juffer;2018-09-13;367;0,064;0,577
De Witte Juffer;2018-09-12;3929;0,687;6,181
De Witte Juffer;2018-09-11;16846;2,945;26,501
De Witte Juffer;2018-09-10;6337;1,108;9,969
De Witte Juffer;2018-09-09;5646;0,987;8,882
De Witte Juffer;2018-09-08;6641;1,161;10,447
De Witte Juffer;2018-09-07;10344;1,808;16,273
De Witte Juffer;2018-09-06;1888;0,33;2,97
De Witte Juffer;2018-09-05;2818;0,493;4,433
De Witte Juffer;2018-09-04;776;0,136;1,221
De Witte Juffer;2018-09-03;2177;0,381;3,425
De Witte Juffer;2018-09-02;4262;0,745;6,705
De Witte Juffer;2018-09-01;1400;0,245;2,202
De Witte Juffer;2018-08-31;430;0,075;0,676
De Witte Juffer;2018-08-30;4232;0,74;6,658
De Witte Juffer;2018-08-29;2903;0,507;4,567
De Witte Juffer;2018-08-28;1123;0,196;1,767
De Witte Juffer;2018-08-27;9860;1,723;15,511
De Witte Juffer;2018-08-26;9599;1,678;15,101
De Witte Juffer;2018-08-25;6256;1,094;9,842
De Witte Juffer;2018-08-24;10744;1,878;16,902
De Witte Juffer;2018-08-23;5258;0,919;8,272
De Witte Juffer;2018-08-22;1584;0,277;2,492
De Witte Juffer;2018-08-21;-46;-0,008;-0,072
De Witte Juffer;2018-08-20;2233;0,39;3,513
De Witte Juffer;2018-08-19;6915;1,209;10,878
De Witte Juffer;2018-08-18;5484;0,959;8,627
De Witte Juffer;2018-08-17;797;0,139;1,254
De Witte Juffer;2018-08-16;5624;0,983;8,847
De Witte Juffer;2018-08-15;4515;0,789;7,103
De Witte Juffer;2018-08-14;4939;0,863;7,77
De Witte Juffer;2018-08-13;3330;0,582;5,239
De Witte Juffer;2018-08-12;3663;0,64;5,762
De Witte Juffer;2018-08-11;6072;1,061;9,552
De Witte Juffer;2018-08-10;16003;2,797;25,175
De Witte Juffer;2018-08-09;10227;1,788;16,089
De Witte Juffer;2018-08-08;11985;2,095;18,854
De Witte Juffer;2018-08-07;645;0,113;1,015
De Witte Juffer;2018-08-06;1384;0,242;2,177
De Witte Juffer;2018-08-05;1724;0,301;2,712
De Witte Juffer;2018-08-04;3874;0,677;6,094
De Witte Juffer;2018-08-03;1673;0,292;2,632
De Witte Juffer;2018-08-02;2755;0,482;4,334
De Witte Juffer;2018-08-01;1124;0,196;1,768
De Witte Juffer;2018-07-31;5143;0,899;8,091
De Witte Juffer;2018-07-30;4435;0,775;6,977
De Witte Juffer;2018-07-29;6862;1,199;10,795
De Witte Juffer;2018-07-28;9963;1,741;15,673
De Witte Juffer;2018-07-27;4969;0,869;7,817
De Witte Juffer;2018-07-26;605;0,106;0,952
De Witte Juffer;2018-07-25;2702;0,472;4,251
De Witte Juffer;2018-07-24;826;0,144;1,299
De Witte Juffer;2018-07-23;75;0,013;0,118
De Witte Juffer;2018-07-22;3177;0,555;4,998
De Witte Juffer;2018-07-21;3216;0,562;5,059
De Witte Juffer;2018-07-20;1485;0,26;2,336
De Witte Juffer;2018-07-19;2085;0,364;3,28
De Witte Juffer;2018-07-18;1647;0,288;2,591
De Witte Juffer;2018-07-17;4746;0,83;7,466
De Witte Juffer;2018-07-16;2300;0,402;3,618
De Witte Juffer;2018-07-15;931;0,163;1,465
De Witte Juffer;2018-07-14;1770;0,309;2,784
De Witte Juffer;2018-07-13;1191;0,208;1,874
De Witte Juffer;2018-07-12;3756;0,657;5,909
De Witte Juffer;2018-07-11;5297;0,926;8,333
De Witte Juffer;2018-07-10;12579;2,199;19,789
De Witte Juffer;2018-07-09;3517;0,615;5,533
De Witte Juffer;2018-07-08;3247;0,568;5,108
De Witte Juffer;2018-07-07;1539;0,269;2,421
De Witte Juffer;2018-07-06;1030;0,18;1,62
De Witte Juffer;2018-07-05;2313;0,404;3,639
De Witte Juffer;2018-07-04;1562;0,273;2,457
De Witte Juffer;2018-07-03;5671;0,991;8,921
De Witte Juffer;2018-07-02;6991;1,222;10,998
De Witte Juffer;2018-07-01;12629;2,207;19,867
De Witte Juffer;2018-06-30;4919;0,86;7,738
De Witte Juffer;2018-06-29;5433;0,95;8,547
De Witte Juffer;2018-06-28;6333;1,107;9,963
De Witte Juffer;2018-06-27;3412;0,596;5,368
De Witte Juffer;2018-06-26;3012;0,526;4,738
De Witte Juffer;2018-06-25;2321;0,406;3,651
De Witte Juffer;2018-06-24;3108;0,543;4,889
De Witte Juffer;2018-06-23;1984;0,347;3,121
De Witte Juffer;2018-06-22;22417;3,918;35,265
De Witte Juffer;2018-06-21;23225;4,06;36,536
De Witte Juffer;2018-06-20;5500;0,961;8,652
De Witte Juffer;2018-06-19;2523;0,441;3,969
De Witte Juffer;2018-06-18;8755;1,53;13,773
De Witte Juffer;2018-06-17;8793;1,537;13,833
De Witte Juffer;2018-06-16;2677;0,468;4,211
De Witte Juffer;2018-06-15;131;0,023;0,206
De Witte Juffer;2018-06-14;9425;1,647;14,827
De Witte Juffer;2018-06-13;3218;0,562;5,062
De Witte Juffer;2018-06-12;3702;0,647;5,824
De Witte Juffer;2018-06-11;6179;1,08;9,721
De Witte Juffer;2018-06-10;4306;0,753;6,774
De Witte Juffer;2018-06-09;2973;0,52;4,677
De Witte Juffer;2018-06-08;1323;0,231;2,081
De Witte Juffer;2018-06-07;384;0,067;0,604
De Witte Juffer;2018-06-06;1591;0,278;2,503
De Witte Juffer;2018-06-05;2074;0,363;3,263
De Witte Juffer;2018-06-04;2359;0,412;3,711
De Witte Juffer;2018-06-03;620;0,108;0,975
De Witte Juffer;2018-06-02;2540;0,444;3,996
De Witte Juffer;2018-06-01;2420;0,423;3,807
De Witte Juffer;2018-05-31;1410;0,246;2,218
De Witte Juffer;2018-05-30;656;0,115;1,032
De Witte Juffer;2018-05-29;2721;0,476;4,281
De Witte Juffer;2018-05-28;2418;0,423;3,804
De Witte Juffer;2018-05-27;5134;0,897;8,077
De Witte Juffer;2018-05-26;2972;0,519;4,675
De Witte Juffer;2018-05-25;1258;0,22;1,979
De Witte Juffer;2018-05-24;5212;0,911;8,199
De Witte Juffer;2018-05-23;4012;0,701;6,311
De Witte Juffer;2018-05-22;2480;0,433;3,901
De Witte Juffer;2018-05-21;5048;0,882;7,941
De Witte Juffer;2018-05-20;1641;0,287;2,582
De Witte Juffer;2018-05-19;94;0,016;0,148
De Witte Juffer;2018-05-18;3287;0,575;5,171
De Witte Juffer;2018-05-17;9837;1,719;15,475
De Witte Juffer;2018-05-16;17126;2,994;26,942
De Witte Juffer;2018-05-15;5914;1,034;9,304
De Witte Juffer;2018-05-14;4762;0,832;7,491
De Witte Juffer;2018-05-13;5511;0,963;8,67
De Witte Juffer;2018-05-12;2888;0,505;4,543
De Witte Juffer;2018-05-11;1120;0,196;1,762
De Witte Juffer;2018-05-10;7853;1,373;12,354
De Witte Juffer;2018-05-09;2490;0,435;3,917
De Witte Juffer;2018-05-08;3418;0,597;5,377
De Witte Juffer;2018-05-07;4116;0,719;6,475
De Witte Juffer;2018-05-06;3352;0,586;5,273
De Witte Juffer;2018-05-05;4366;0,763;6,868
De Witte Juffer;2018-05-04;3528;0,617;5,55
De Witte Juffer;2018-05-03;2792;0,488;4,392
De Witte Juffer;2018-05-02;12618;2,206;19,85
De Witte Juffer;2018-05-01;25760;4,503;40,524
De Witte Juffer;2018-04-30;14865;2,598;23,385
De Witte Juffer;2018-04-29;6709;1,173;10,554
De Witte Juffer;2018-04-28;6275;1,097;9,872
De Witte Juffer;2018-04-27;3451;0,603;5,429
De Witte Juffer;2018-04-26;18560;3,244;29,198
De Witte Juffer;2018-04-25;21105;3,689;33,201
De Witte Juffer;2018-04-24;12511;2,187;19,682
De Witte Juffer;2018-04-23;10477;1,831;16,482
De Witte Juffer;2018-04-22;4449;0,778;6,999
De Witte Juffer;2018-04-21;778;0,136;1,224
De Witte Juffer;2018-04-20;2230;0,39;3,508
De Witte Juffer;2018-04-19;9106;1,592;14,325
De Witte Juffer;2018-04-18;3078;0,538;4,842
De Witte Juffer;2018-04-17;3173;0,555;4,992
De Witte Juffer;2018-04-16;3145;0,55;4,948
De Witte Juffer;2018-04-15;947;0,166;1,49
De Witte Juffer;2018-04-14;324;0,057;0,51
De Witte Juffer;2018-04-13;3005;0,525;4,727
De Witte Juffer;2018-04-12;3863;0,675;6,077
De Witte Juffer;2018-04-11;1152;0,201;1,812
De Witte Juffer;2018-04-10;3933;0,687;6,187
De Witte Juffer;2018-04-09;4584;0,801;7,211
De Witte Juffer;2018-04-08;2315;0,405;3,642
De Witte Juffer;2018-04-07;10359;1,811;16,296
De Witte Juffer;2018-04-06;20808;3,637;32,734
De Witte Juffer;2018-04-05;22460;3,926;35,333
De Witte Juffer;2018-04-04;9245;1,616;14,544
De Witte Juffer;2018-04-03;19169;3,351;30,156
De Witte Juffer;2018-04-02;7640;1,335;12,019
De Witte Juffer;2018-04-01;1956;0,342;3,077
De Witte Juffer;2018-03-31;2238;0,391;3,521
De Witte Juffer;2018-03-30;10623;1,857;16,712
De Witte Juffer;2018-03-29;5873;1,027;9,239
De Witte Juffer;2018-03-28;4802;0,839;7,554
De Witte Juffer;2018-03-27;3860;0,675;6,072
De Witte Juffer;2018-03-26;1531;0,268;2,408
De Witte Juffer;2018-03-25;1849;0,323;2,909
De Witte Juffer;2018-03-24;2084;0,364;3,278
De Witte Juffer;2018-03-23;8569;1,498;13,48
De Witte Juffer;2018-03-22;10913;1,908;17,168
De Witte Juffer;2018-03-21;3468;0,606;5,456
De Witte Juffer;2018-03-20;17116;2,992;26,926
De Witte Juffer;2018-03-19;16717;2,922;26,298
De Witte Juffer;2018-03-18;36466;6,374;57,367
De Witte Juffer;2018-03-17;42679;7,46;67,141
De Witte Juffer;2018-03-16;12536;2,191;19,721
De Witte Juffer;2018-03-15;21081;3,685;33,164
De Witte Juffer;2018-03-14;5802;1,014;9,127
De Witte Juffer;2018-03-13;10423;1,822;16,397
De Witte Juffer;2018-03-12;5391;0,942;8,481
De Witte Juffer;2018-03-11;7692;1,345;12,101
De Witte Juffer;2018-03-10;7446;1,302;11,714
De Witte Juffer;2018-03-09;7358;1,286;11,575
De Witte Juffer;2018-03-08;25856;4,519;40,675
De Witte Juffer;2018-03-07;4639;0,811;7,298
De Witte Juffer;2018-03-06;5328;0,931;8,382
De Witte Juffer;2018-03-05;12516;2,188;19,69
De Witte Juffer;2018-03-04;12326;2,155;19,391
De Witte Juffer;2018-03-03;7182;1,255;11,298
De Witte Juffer;2018-03-02;34321;5,999;53,992
De Witte Juffer;2018-03-01;45050;7,874;70,87
De Witte Juffer;2018-02-28;23215;4,058;36,521
De Witte Juffer;2018-02-27;6250;1,092;9,832
De Witte Juffer;2018-02-26;12102;2,115;19,038
De Witte Juffer;2018-02-25;18412;3,218;28,965
De Witte Juffer;2018-02-24;26988;4,717;42,456
De Witte Juffer;2018-02-23;13146;2,298;20,681
De Witte Juffer;2018-02-22;11429;1,998;17,98
De Witte Juffer;2018-02-21;6121;1,07;9,629
De Witte Juffer;2018-02-20;3378;0,59;5,314
De Witte Juffer;2018-02-19;3594;0,628;5,654
De Witte Juffer;2018-02-18;4247;0,742;6,681
De Witte Juffer;2018-02-17;3650;0,638;5,742
De Witte Juffer;2018-02-16;8367;1,463;13,163
De Witte Juffer;2018-02-15;17128;2,994;26,945
De Witte Juffer;2018-02-14;17205;3,007;27,066
De Witte Juffer;2018-02-13;15926;2,784;25,054
De Witte Juffer;2018-02-12;13846;2,42;21,782
De Witte Juffer;2018-02-11;31515;5,509;49,578
De Witte Juffer;2018-02-10;9236;1,614;14,53
De Witte Juffer;2018-02-09;15677;2,74;24,662
De Witte Juffer;2018-02-08;3236;0,566;5,091
De Witte Juffer;2018-02-07;3910;0,683;6,151
De Witte Juffer;2018-02-06;4991;0,872;7,852
De Witte Juffer;2018-02-05;8930;1,561;14,048
De Witte Juffer;2018-02-04;10824;1,892;17,028
De Witte Juffer;2018-02-03;2950;0,516;4,641
De Witte Juffer;2018-02-02;9583;1,675;15,076
De Witte Juffer;2018-02-01;12881;2,252;20,264
De Witte Juffer;2018-01-31;25256;4,415;39,732
De Witte Juffer;2018-01-30;5852;1,023;9,206
De Witte Juffer;2018-01-29;36165;6,321;56,893
De Witte Juffer;2018-01-28;33305;5,822;52,394
De Witte Juffer;2018-01-27;15615;2,729;24,565
De Witte Juffer;2018-01-26;3040;0,531;4,782
De Witte Juffer;2018-01-25;8403;1,469;13,219
De Witte Juffer;2018-01-24;20305;3,549;31,943
De Witte Juffer;2018-01-23;20692;3,617;32,552
De Witte Juffer;2018-01-22;6997;1,223;11,007
De Witte Juffer;2018-01-21;6380;1,115;10,037
De Witte Juffer;2018-01-20;6232;1,089;9,804
De Witte Juffer;2018-01-19;9956;1,74;15,662
De Witte Juffer;2018-01-18;22622;3,954;35,588
De Witte Juffer;2018-01-17;25377;4,436;39,922
De Witte Juffer;2018-01-16;24621;4,304;38,733
De Witte Juffer;2018-01-15;30681;5,363;48,266
De Witte Juffer;2018-01-14;8813;1,54;13,864
De Witte Juffer;2018-01-13;4844;0,847;7,62
De Witte Juffer;2018-01-12;2;0;0,003
De Witte Juffer;2018-01-11;316;0,055;0,497
De Witte Juffer;2018-01-10;4803;0,84;7,556
De Witte Juffer;2018-01-09;6645;1,162;10,454
De Witte Juffer;2018-01-08;20052;3,505;31,545
De Witte Juffer;2018-01-07;22892;4,001;36,013
De Witte Juffer;2018-01-06;5660;0,989;8,904
De Witte Juffer;2018-01-05;14147;2,473;22,255
De Witte Juffer;2018-01-04;29709;5,193;46,737
De Witte Juffer;2018-01-03;29149;5,095;45,856
De Witte Juffer;2018-01-02;16644;2,909;26,184
De Witte Juffer;2018-01-01;23283;4,07;36,628
De Witte Juffer;2017-12-31;30184;5,276;47,484
De Witte Juffer;2017-12-30;34975;6,113;55,021
De Witte Juffer;2017-12-29;24285;4,245;38,204
De Witte Juffer;2017-12-28;14120;2,468;22,213
De Witte Juffer;2017-12-27;15675;2,74;24,659
De Witte Juffer;2017-12-26;30539;5,338;48,042
De Witte Juffer;2017-12-25;25426;4,444;39,999
De Witte Juffer;2017-12-24;32687;5,714;51,422
De Witte Juffer;2017-12-23;24069;4,207;37,864
De Witte Juffer;2017-12-22;622;0,109;0,979
De Witte Juffer;2017-12-21;1607;0,281;2,528
De Witte Juffer;2017-12-20;1060;0,185;1,668
De Witte Juffer;2017-12-19;4822;0,843;7,586
De Witte Juffer;2017-12-18;12370;2,162;19,46
De Witte Juffer;2017-12-17;8264;1,445;13,001
De Witte Juffer;2017-12-16;6602;1,154;10,386
De Witte Juffer;2017-12-15;4399;0,769;6,92
De Witte Juffer;2017-12-14;20081;3,51;31,59
De Witte Juffer;2017-12-13;22417;3,918;35,265
De Witte Juffer;2017-12-12;7368;1,288;11,591
De Witte Juffer;2017-12-11;8070;1,411;12,695
De Witte Juffer;2017-12-10;16476;2,88;25,919
De Witte Juffer;2017-12-09;19473;3,404;30,634
De Witte Juffer;2017-12-08;17050;2,98;26,822
De Witte Juffer;2017-12-07;33676;5,886;52,977
De Witte Juffer;2017-12-06;15366;2,686;24,173
De Witte Juffer;2017-12-05;10574;1,848;16,635
De Witte Juffer;2017-12-04;6366;1,113;10,015
De Witte Juffer;2017-12-03;5351;0,935;8,418
De Witte Juffer;2017-12-02;1110;0,194;1,746
De Witte Juffer;2017-12-01;1125;0,197;1,77
De Witte Juffer;2017-11-30;2610;0,456;4,106
De Witte Juffer;2017-11-29;2982;0,521;4,691
De Witte Juffer;2017-11-28;11908;2,081;18,733
De Witte Juffer;2017-11-27;22933;4,009;36,077
De Witte Juffer;2017-11-26;16676;2,915;26,234
De Witte Juffer;2017-11-25;6454;1,128;10,153
De Witte Juffer;2017-11-24;2060;0,36;3,241
De Witte Juffer;2017-11-23;34274;5,991;53,918
De Witte Juffer;2017-11-22;30623;5,353;48,175
De Witte Juffer;2017-11-21;18755;3,278;29,504
De Witte Juffer;2017-11-20;14836;2,593;23,339
De Witte Juffer;2017-11-19;10443;1,825;16,428
De Witte Juffer;2017-11-18;13081;2,286;20,578
De Witte Juffer;2017-11-17;2762;0,483;4,345
De Witte Juffer;2017-11-16;3941;0,689;6,2
De Witte Juffer;2017-11-15;1973;0,345;3,104
De Witte Juffer;2017-11-14;9012;1,575;14,177
De Witte Juffer;2017-11-13;7990;1,397;12,569
De Witte Juffer;2017-11-12;5837;1,02;9,182
De Witte Juffer;2017-11-11;7794;1,362;12,261
De Witte Juffer;2017-11-10;17451;3,05;27,453
De Witte Juffer;2017-11-09;5606;0,98;8,819
De Witte Juffer;2017-11-08;177;0,031;0,278
De Witte Juffer;2017-11-07;592;0,103;0,931
De Witte Juffer;2017-11-06;2540;0,444;3,996
De Witte Juffer;2017-11-05;4468;0,781;7,029
De Witte Juffer;2017-11-04;7524;1,315;11,836
De Witte Juffer;2017-11-03;1721;0,301;2,707
De Witte Juffer;2017-11-02;3273;0,572;5,149
De Witte Juffer;2017-11-01;6820;1,192;10,729
De Witte Juffer;2017-10-31;6492;1,135;10,213
De Witte Juffer;2017-10-30;4126;0,721;6,491
De Witte Juffer;2017-10-29;26862;4,695;42,258
De Witte Juffer;2017-10-28;21308;3,725;33,521
De Witte Juffer;2017-10-27;3800;0,664;5,978
De Witte Juffer;2017-10-26;2570;0,449;4,043
De Witte Juffer;2017-10-25;10795;1,887;16,982
De Witte Juffer;2017-10-24;12570;2,197;19,775
De Witte Juffer;2017-10-23;8418;1,471;13,243
De Witte Juffer;2017-10-22;20217;3,534;31,804
De Witte Juffer;2017-10-21;15718;2,747;24,727
De Witte Juffer;2017-10-20;24878;4,349;39,137
De Witte Juffer;2017-10-19;5822;1,018;9,159
De Witte Juffer;2017-10-18;1333;0,233;2,097
De Witte Juffer;2017-10-17;4453;0,778;7,005
De Witte Juffer;2017-10-16;8802;1,539;13,847
De Witte Juffer;2017-10-15;6835;1,195;10,752
De Witte Juffer;2017-10-14;5672;0,991;8,923
De Witte Juffer;2017-10-13;8924;1,56;14,039
De Witte Juffer;2017-10-12;15623;2,731;24,577
De Witte Juffer;2017-10-11;16827;2,941;26,471
De Witte Juffer;2017-10-10;10995;1,922;17,297
De Witte Juffer;2017-10-09;2833;0,495;4,457
De Witte Juffer;2017-10-08;1624;0,284;2,555
De Witte Juffer;2017-10-07;15889;2,777;24,996
De Witte Juffer;2017-10-06;10190;1,781;16,03
De Witte Juffer;2017-10-05;27522;4,811;43,296
De Witte Juffer;2017-10-04;16872;2,949;26,542
De Witte Juffer;2017-10-03;7434;1,299;11,695
De Witte Juffer;2017-10-02;25421;4,443;39,991
De Witte Juffer;2017-10-01;13401;2,342;21,082
De Witte Juffer;2017-09-30;1816;0,317;2,857
De Witte Juffer;2017-09-29;4395;0,768;6,914
De Witte Juffer;2017-09-28;2970;0,519;4,672
De Witte Juffer;2017-09-27;2536;0,443;3,99
De Witte Juffer;2017-09-26;989;0,173;1,556
De Witte Juffer;2017-09-25;1998;0,349;3,143
De Witte Juffer;2017-09-24;1216;0,213;1,913
De Witte Juffer;2017-09-23;-71;-0,012;-0,112
De Witte Juffer;2017-09-22;1652;0,289;2,599
De Witte Juffer;2017-09-21;4065;0,711;6,395
De Witte Juffer;2017-09-20;3390;0,593;5,333
De Witte Juffer;2017-09-19;1175;0,205;1,848
De Witte Juffer;2017-09-18;1786;0,312;2,81
De Witte Juffer;2017-09-17;152;0,027;0,239
De Witte Juffer;2017-09-16;730;0,128;1,148
De Witte Juffer;2017-09-15;5360;0,937;8,432
De Witte Juffer;2017-09-14;16905;2,955;26,594
De Witte Juffer;2017-09-13;35182;6,15;55,347
De Witte Juffer;2017-09-12;16016;2,8;25,196
De Witte Juffer;2017-09-11;28689;5,015;45,132
De Witte Juffer;2017-09-10;17431;3,047;27,422
De Witte Juffer;2017-09-09;2998;0,524;4,716
De Witte Juffer;2017-09-08;19587;3,424;30,813
De Witte Juffer;2017-09-07;5355;0,936;8,424
De Witte Juffer;2017-09-06;10597;1,852;16,671
De Witte Juffer;2017-09-05;2422;0,423;3,81
De Witte Juffer;2017-09-04;2001;0,35;3,148
De Witte Juffer;2017-09-03;-24;-0,004;-0,038
De Witte Juffer;2017-09-02;914;0,16;1,438
De Witte Juffer;2017-09-01;592;0,103;0,931
De Witte Juffer;2017-08-31;2428;0,424;3,82
De Witte Juffer;2017-08-30;4322;0,755;6,799
De Witte Juffer;2017-08-29;1532;0,268;2,41
De Witte Juffer;2017-08-28;-234;-0,041;-0,368
De Witte Juffer;2017-08-27;-27;-0,005;-0,042
De Witte Juffer;2017-08-26;1321;0,231;2,078
De Witte Juffer;2017-08-25;881;0,154;1,386
De Witte Juffer;2017-08-24;5787;1,012;9,104
De Witte Juffer;2017-08-23;3550;0,621;5,585
De Witte Juffer;2017-08-22;809;0,141;1,273
De Witte Juffer;2017-08-21;1876;0,328;2,951
De Witte Juffer;2017-08-20;6992;1,222;10,999
De Witte Juffer;2017-08-19;14698;2,569;23,122
De Witte Juffer;2017-08-18;8248;1,442;12,975
De Witte Juffer;2017-08-17;8092;1,414;12,73
De Witte Juffer;2017-08-16;313;0,055;0,492
De Witte Juffer;2017-08-15;2092;0,366;3,291
De Witte Juffer;2017-08-14;2346;0,41;3,691
De Witte Juffer;2017-08-13;924;0,162;1,454
De Witte Juffer;2017-08-12;5827;1,019;9,167
De Witte Juffer;2017-08-11;1497;0,262;2,355
De Witte Juffer;2017-08-10;1522;0,266;2,394
De Witte Juffer;2017-08-09;3187;0,557;5,014
De Witte Juffer;2017-08-08;3354;0,586;5,276
De Witte Juffer;2017-08-07;954;0,167;1,501
De Witte Juffer;2017-08-06;2390;0,418;3,76
De Witte Juffer;2017-08-05;3390;0,593;5,333
De Witte Juffer;2017-08-04;11932;2,086;18,771
De Witte Juffer;2017-08-03;23050;4,029;36,261
De Witte Juffer;2017-08-02;3441;0,601;5,413
De Witte Juffer;2017-08-01;-34;-0,006;-0,053
De Witte Juffer;2017-07-31;3035;0,531;4,775
De Witte Juffer;2017-07-30;13703;2,395;21,557
De Witte Juffer;2017-07-29;9234;1,614;14,526
De Witte Juffer;2017-07-28;12297;2,149;19,345
De Witte Juffer;2017-07-27;11075;1,936;17,423
De Witte Juffer;2017-07-26;3362;0,588;5,289
De Witte Juffer;2017-07-25;12981;2,269;20,421
De Witte Juffer;2017-07-24;1764;0,308;2,775
De Witte Juffer;2017-07-23;6036;1,055;9,496
De Witte Juffer;2017-07-22;3169;0,554;4,985
De Witte Juffer;2017-07-21;3159;0,552;4,97
De Witte Juffer;2017-07-20;7123;1,245;11,206
De Witte Juffer;2017-07-19;4428;0,774;6,966
De Witte Juffer;2017-07-18;5269;0,921;8,289
De Witte Juffer;2017-07-17;642;0,112;1,01
De Witte Juffer;2017-07-16;2657;0,464;4,18
De Witte Juffer;2017-07-15;2218;0,388;3,489
De Witte Juffer;2017-07-14;8681;1,517;13,657
De Witte Juffer;2017-07-13;-223;-0,039;-0,351
De Witte Juffer;2017-07-12;6621;1,157;10,416
De Witte Juffer;2017-07-11;5547;0,97;8,726
De Witte Juffer;2017-07-10;2109;0,369;3,318
De Witte Juffer;2017-07-09;413;0,072;0,65
De Witte Juffer;2017-07-08;1568;0,274;2,467
De Witte Juffer;2017-07-07;5647;0,987;8,884
De Witte Juffer;2017-07-06;1165;0,204;1,833
De Witte Juffer;2017-07-05;1655;0,289;2,604
De Witte Juffer;2017-07-04;904;0,158;1,422
De Witte Juffer;2017-07-03;9422;1,647;14,822
De Witte Juffer;2017-07-02;5496;0,961;8,646
De Witte Juffer;2017-07-01;6636;1,16;10,439
De Witte Juffer;2017-06-30;3048;0,533;4,795
De Witte Juffer;2017-06-29;1559;0,273;2,453
De Witte Juffer;2017-06-28;3525;0,616;5,545
De Witte Juffer;2017-06-27;4258;0,744;6,698
De Witte Juffer;2017-06-26;3391;0,593;5,335
De Witte Juffer;2017-06-25;9292;1,624;14,618
De Witte Juffer;2017-06-24;9631;1,683;15,151
De Witte Juffer;2017-06-23;12669;2,214;19,93
De Witte Juffer;2017-06-22;9179;1,604;14,44
De Witte Juffer;2017-06-21;2626;0,459;4,131
De Witte Juffer;2017-06-20;4272;0,747;6,721
De Witte Juffer;2017-06-19;788;0,138;1,24
De Witte Juffer;2017-06-18;-48;-0,008;-0,076
De Witte Juffer;2017-06-17;2756;0,482;4,336
De Witte Juffer;2017-06-16;7086;1,239;11,147
De Witte Juffer;2017-06-15;11328;1,98;17,821
De Witte Juffer;2017-06-14;300;0,052;0,472
De Witte Juffer;2017-06-13;1922;0,336;3,024
De Witte Juffer;2017-06-12;15598;2,726;24,538
De Witte Juffer;2017-06-11;4611;0,806;7,254
De Witte Juffer;2017-06-10;3634;0,635;5,717
De Witte Juffer;2017-06-09;14250;2,491;22,417
De Witte Juffer;2017-06-08;9399;1,643;14,786
De Witte Juffer;2017-06-07;33405;5,839;52,551
De Witte Juffer;2017-06-06;26964;4,713;42,418
De Witte Juffer;2017-06-05;7602;1,329;11,959
De Witte Juffer;2017-06-04;4944;0,864;7,778
De Witte Juffer;2017-06-03;2230;0,39;3,508
De Witte Juffer;2017-06-02;1607;0,281;2,528
De Witte Juffer;2017-06-01;796;0,139;1,252
De Witte Juffer;2017-05-31;3796;0,664;5,972
De Witte Juffer;2017-05-30;10447;1,826;16,435
De Witte Juffer;2017-05-29;3447;0,603;5,423
De Witte Juffer;2017-05-28;623;0,109;0,98
De Witte Juffer;2017-05-27;6958;1,216;10,946
De Witte Juffer;2017-05-26;4514;0,789;7,101
De Witte Juffer;2017-05-25;1156;0,202;1,819
De Witte Juffer;2017-05-24;3874;0,677;6,094
De Witte Juffer;2017-05-23;7331;1,281;11,533
De Witte Juffer;2017-05-22;1359;0,238;2,138
De Witte Juffer;2017-05-21;1483;0,259;2,333
De Witte Juffer;2017-05-20;3413;0,597;5,369
De Witte Juffer;2017-05-19;13208;2,309;20,778
De Witte Juffer;2017-05-18;3713;0,649;5,841
De Witte Juffer;2017-05-17;1400;0,245;2,202
De Witte Juffer;2017-05-16;4269;0,746;6,716
De Witte Juffer;2017-05-15;3080;0,538;4,845
De Witte Juffer;2017-05-14;7514;1,313;11,821
De Witte Juffer;2017-05-13;4423;0,773;6,958
De Witte Juffer;2017-05-12;4940;0,863;7,771
De Witte Juffer;2017-05-11;3164;0,553;4,977
De Witte Juffer;2017-05-10;363;0,063;0,571
De Witte Juffer;2017-05-09;2309;0,404;3,632
De Witte Juffer;2017-05-08;9263;1,619;14,572
De Witte Juffer;2017-05-07;7015;1,226;11,036
De Witte Juffer;2017-05-06;6052;1,058;9,521
De Witte Juffer;2017-05-05;5224;0,913;8,218
De Witte Juffer;2017-05-04;8960;1,566;14,095
De Witte Juffer;2017-05-03;3078;0,538;4,842
De Witte Juffer;2017-05-02;1446;0,253;2,275
De Witte Juffer;2017-05-01;4612;0,806;7,255
De Witte Juffer;2017-04-30;24097;4,212;37,908
De Witte Juffer;2017-04-29;442;0,077;0,695
De Witte Juffer;2017-04-28;4608;0,805;7,249
De Witte Juffer;2017-04-27;2507;0,438;3,944
De Witte Juffer;2017-04-26;4040;0,706;6,356
De Witte Juffer;2017-04-25;13551;2,369;21,318
De Witte Juffer;2017-04-24;12865;2,249;20,239
De Witte Juffer;2017-04-23;2683;0,469;4,221
De Witte Juffer;2017-04-22;10937;1,912;17,206
De Witte Juffer;2017-04-21;6155;1,076;9,683
De Witte Juffer;2017-04-20;910;0,159;1,432
De Witte Juffer;2017-04-19;4884;0,854;7,683
De Witte Juffer;2017-04-18;5073;0,887;7,981
De Witte Juffer;2017-04-17;9611;1,68;15,12
De Witte Juffer;2017-04-16;5320;0,93;8,369
De Witte Juffer;2017-04-15;15373;2,687;24,184
De Witte Juffer;2017-04-14;4140;0,724;6,513
De Witte Juffer;2017-04-13;4237;0,741;6,665
De Witte Juffer;2017-04-12;4493;0,785;7,068
De Witte Juffer;2017-04-11;56;0,01;0,088
De Witte Juffer;2017-04-10;4374;0,765;6,881
De Witte Juffer;2017-04-09;3334;0,583;5,245
De Witte Juffer;2017-04-08;-60;-0,01;-0,094
De Witte Juffer;2017-04-07;3130;0,547;4,924
De Witte Juffer;2017-04-06;4434;0,775;6,975
De Witte Juffer;2017-04-05;8277;1,447;13,021
De Witte Juffer;2017-04-04;1697;0,297;2,67
De Witte Juffer;2017-04-03;-173;-0,03;-0,272
De Witte Juffer;2017-04-02;2010;0,351;3,162
De Witte Juffer;2017-04-01;1941;0,339;3,053
De Witte Juffer;2017-03-31;9190;1,606;14,457
De Witte Juffer;2017-03-30;7871;1,376;12,382
De Witte Juffer;2017-03-29;16096;2,813;25,321
De Witte Juffer;2017-03-28;4448;0,777;6,997
De Witte Juffer;2017-03-27;4262;0,745;6,705
De Witte Juffer;2017-03-26;5371;0,939;8,449
De Witte Juffer;2017-03-25;13467;2,354;21,186
De Witte Juffer;2017-03-24;12905;2,256;20,302
De Witte Juffer;2017-03-23;8618;1,506;13,557
De Witte Juffer;2017-03-22;7993;1,397;12,574
De Witte Juffer;2017-03-21;15456;2,702;24,315
De Witte Juffer;2017-03-20;25221;4,408;39,676
De Witte Juffer;2017-03-19;33934;5,931;53,383
De Witte Juffer;2017-03-18;23789;4,158;37,424
De Witte Juffer;2017-03-17;17552;3,068;27,612
De Witte Juffer;2017-03-16;3095;0,541;4,869
De Witte Juffer;2017-03-15;1132;0,198;1,781
De Witte Juffer;2017-03-14;9198;1,608;14,47
De Witte Juffer;2017-03-13;3962;0,693;6,233
De Witte Juffer;2017-03-12;7099;1,241;11,168
De Witte Juffer;2017-03-11;2770;0,484;4,358
De Witte Juffer;2017-03-10;2081;0,364;3,274
De Witte Juffer;2017-03-09;16690;2,917;26,256
De Witte Juffer;2017-03-08;13777;2,408;21,673
De Witte Juffer;2017-03-07;2383;0,417;3,749
De Witte Juffer;2017-03-06;3009;0,526;4,734
De Witte Juffer;2017-03-05;21257;3,716;33,44
De Witte Juffer;2017-03-04;7089;1,239;11,152
De Witte Juffer;2017-03-03;11293;1,974;17,766
De Witte Juffer;2017-03-02;30143;5,269;47,42
De Witte Juffer;2017-03-01;10185;1,78;16,023
De Witte Juffer;2017-02-28;25318;4,425;39,829
De Witte Juffer;2017-02-27;29989;5,242;47,177
De Witte Juffer;2017-02-26;18444;3,224;29,015
De Witte Juffer;2017-02-25;19499;3,408;30,675
De Witte Juffer;2017-02-24;9194;1,607;14,464
De Witte Juffer;2017-02-23;35187;6,15;55,354
De Witte Juffer;2017-02-22;39542;6,912;62,206
De Witte Juffer;2017-02-21;9546;1,669;15,017
De Witte Juffer;2017-02-20;21325;3,727;33,547
De Witte Juffer;2017-02-19;10190;1,781;16,03
De Witte Juffer;2017-02-18;2844;0,497;4,474
De Witte Juffer;2017-02-17;857;0,15;1,348
De Witte Juffer;2017-02-16;4217;0,737;6,634
De Witte Juffer;2017-02-15;5785;1,011;9,101
De Witte Juffer;2017-02-14;8368;1,463;13,164
De Witte Juffer;2017-02-13;12423;2,171;19,543
De Witte Juffer;2017-02-12;11189;1,956;17,602
De Witte Juffer;2017-02-11;4500;0,787;7,079
De Witte Juffer;2017-02-10;4368;0,764;6,872
De Witte Juffer;2017-02-09;5152;0,901;8,105
De Witte Juffer;2017-02-08;4542;0,794;7,145
De Witte Juffer;2017-02-07;5346;0,934;8,41
De Witte Juffer;2017-02-06;1954;0,342;3,074
De Witte Juffer;2017-02-05;3498;0,611;5,503
De Witte Juffer;2017-02-04;5599;0,979;8,808
De Witte Juffer;2017-02-03;8505;1,487;13,38
De Witte Juffer;2017-02-02;12162;2,126;19,133
De Witte Juffer;2017-02-01;11229;1,963;17,665
De Witte Juffer;2017-01-31;1719;0,3;2,704
De Witte Juffer;2017-01-30;10272;1,795;16,159
De Witte Juffer;2017-01-29;13175;2,303;20,726
De Witte Juffer;2017-01-28;9670;1,69;15,212
De Witte Juffer;2017-01-27;5199;0,909;8,179
De Witte Juffer;2017-01-26;-172;-0,03;-0,271
De Witte Juffer;2017-01-25;-165;-0,029;-0,26
De Witte Juffer;2017-01-24;-161;-0,028;-0,253
De Witte Juffer;2017-01-23;-150;-0,026;-0,236
De Witte Juffer;2017-01-22;55;0,01;0,087
De Witte Juffer;2017-01-21;6657;1,164;10,472
De Witte Juffer;2017-01-20;4155;0,726;6,536
De Witte Juffer;2017-01-19;588;0,103;0,925
De Witte Juffer;2017-01-18;-99;-0,017;-0,156
De Witte Juffer;2017-01-17;0;0;0
De Witte Juffer;2017-01-16;628;0,11;0,988
De Witte Juffer;2017-01-15;2668;0,466;4,197
De Witte Juffer;2017-01-14;13239;2,314;20,827
De Witte Juffer;2017-01-13;24110;4,214;37,929
De Witte Juffer;2017-01-12;20672;3,613;32,52
De Witte Juffer;2017-01-11;29847;5,217;46,954
De Witte Juffer;2017-01-10;6729;1,176;10,586
De Witte Juffer;2017-01-09;11595;2,027;18,241
De Witte Juffer;2017-01-08;4263;0,745;6,706
De Witte Juffer;2017-01-07;6625;1,158;10,422
De Witte Juffer;2017-01-06;4245;0,742;6,678
De Witte Juffer;2017-01-05;4520;0,79;7,111
De Witte Juffer;2017-01-04;27490;4,805;43,246
De Witte Juffer;2017-01-03;20683;3,615;32,537
De Witte Juffer;2017-01-02;6242;1,091;9,82
De Witte Juffer;2017-01-01;6507;1,137;10,236
De Witte Juffer;2016-12-31;5105;0,892;8,031
De Witte Juffer;2016-12-30;1711;0,299;2,692
De Witte Juffer;2016-12-29;685;0,12;1,078
De Witte Juffer;2016-12-28;660;0,115;1,038
De Witte Juffer;2016-12-27;4218;0,737;6,636
De Witte Juffer;2016-12-26;24823;4,339;39,05
De Witte Juffer;2016-12-25;38218;6,68;60,123
De Witte Juffer;2016-12-24;32895;5,75;51,749
De Witte Juffer;2016-12-23;21027;3,675;33,079
De Witte Juffer;2016-12-22;5648;0,987;8,885
De Witte Juffer;2016-12-21;17476;3,055;27,492
De Witte Juffer;2016-12-20;4335;0,758;6,82
De Witte Juffer;2016-12-19;1777;0,311;2,795
De Witte Juffer;2016-12-18;2921;0,511;4,595
De Witte Juffer;2016-12-17;995;0,174;1,565
De Witte Juffer;2016-12-16;4666;0,816;7,34
De Witte Juffer;2016-12-15;8299;1,451;13,056
De Witte Juffer;2016-12-14;2327;0,407;3,661
De Witte Juffer;2016-12-13;3141;0,549;4,941
De Witte Juffer;2016-12-12;2634;0,46;4,144
De Witte Juffer;2016-12-11;12655;2,212;19,908
De Witte Juffer;2016-12-10;10140;1,772;15,952
De Witte Juffer;2016-12-09;10197;1,782;16,041
De Witte Juffer;2016-12-08;16673;2,914;26,229
De Witte Juffer;2016-12-07;14433;2,523;22,705
De Witte Juffer;2016-12-06;2750;0,481;4,326
De Witte Juffer;2016-12-05;3568;0,624;5,613
De Witte Juffer;2016-12-04;4997;0,873;7,861
De Witte Juffer;2016-12-03;1210;0,212;1,904
De Witte Juffer;2016-12-02;4694;0,82;7,384
De Witte Juffer;2016-12-01;7400;1,293;11,641
De Witte Juffer;2016-11-30;11250;1,966;17,698
De Witte Juffer;2016-11-29;1354;0,237;2,13
De Witte Juffer;2016-11-28;8487;1,483;13,351
De Witte Juffer;2016-11-27;5343;0,934;8,405
De Witte Juffer;2016-11-26;949;0,166;1,493
De Witte Juffer;2016-11-25;16953;2,963;26,67
De Witte Juffer;2016-11-24;22254;3,89;35,009
De Witte Juffer;2016-11-23;5080;0,888;7,992
De Witte Juffer;2016-11-22;23660;4,136;37,221
De Witte Juffer;2016-11-21;18062;3,157;28,414
De Witte Juffer;2016-11-20;32527;5,686;51,17
De Witte Juffer;2016-11-19;16377;2,863;25,764
De Witte Juffer;2016-11-18;20345;3,556;32,006
De Witte Juffer;2016-11-17;20715;3,621;32,588
De Witte Juffer;2016-11-16;16984;2,969;26,718
De Witte Juffer;2016-11-15;8033;1,404;12,637
De Witte Juffer;2016-11-14;5812;1,016;9,143
De Witte Juffer;2016-11-13;2279;0,398;3,585
De Witte Juffer;2016-11-12;7050;1,232;11,091
De Witte Juffer;2016-11-11;6284;1,098;9,886
De Witte Juffer;2016-11-10;615;0,107;0,967
De Witte Juffer;2016-11-09;3946;0,69;6,208
De Witte Juffer;2016-11-08;1948;0,34;3,064
De Witte Juffer;2016-11-07;2601;0,455;4,092
De Witte Juffer;2016-11-06;10222;1,787;16,081
De Witte Juffer;2016-11-05;4895;0,856;7,701
De Witte Juffer;2016-11-04;7383;1,291;11,615
De Witte Juffer;2016-11-03;3731;0,652;5,869
De Witte Juffer;2016-11-02;3585;0,627;5,64
De Witte Juffer;2016-11-01;3586;0,627;5,641
De Witte Juffer;2016-10-31;1594;0,279;2,508
De Witte Juffer;2016-10-30;106;0,019;0,167
De Witte Juffer;2016-10-29;59;0,01;0,093
De Witte Juffer;2016-10-28;8647;1,511;13,603
De Witte Juffer;2016-10-27;6270;1,096;9,864
De Witte Juffer;2016-10-26;1837;0,321;2,89
De Witte Juffer;2016-10-25;-202;-0,035;-0,318
De Witte Juffer;2016-10-24;2297;0,402;3,614
De Witte Juffer;2016-10-23;293;0,051;0,461
De Witte Juffer;2016-10-22;1139;0,199;1,792
De Witte Juffer;2016-10-21;1834;0,321;2,885
De Witte Juffer;2016-10-20;7164;1,252;11,27
De Witte Juffer;2016-10-19;14628;2,557;23,012
De Witte Juffer;2016-10-18;12410;2,169;19,523
De Witte Juffer;2016-10-17;2534;0,443;3,986
De Witte Juffer;2016-10-16;7265;1,27;11,429
De Witte Juffer;2016-10-15;4169;0,729;6,558
De Witte Juffer;2016-10-14;6579;1,15;10,35
De Witte Juffer;2016-10-13;10176;1,779;16,008
De Witte Juffer;2016-10-12;6629;1,159;10,428
De Witte Juffer;2016-10-11;1041;0,182;1,638
De Witte Juffer;2016-10-10;461;0,081;0,725
De Witte Juffer;2016-10-09;502;0,088;0,79
De Witte Juffer;2016-10-08;1733;0,303;2,726
De Witte Juffer;2016-10-07;2857;0,499;4,494
De Witte Juffer;2016-10-06;6498;1,136;10,222
De Witte Juffer;2016-10-05;12733;2,226;20,031
De Witte Juffer;2016-10-04;7154;1,25;11,254
De Witte Juffer;2016-10-03;4776;0,835;7,513
De Witte Juffer;2016-10-02;9827;1,718;15,459
De Witte Juffer;2016-10-01;3812;0,666;5,997
De Witte Juffer;2016-09-30;7049;1,232;11,089
De Witte Juffer;2016-09-29;17778;3,107;27,967
De Witte Juffer;2016-09-28;13683;2,392;21,525
De Witte Juffer;2016-09-27;3447;0,603;5,423
De Witte Juffer;2016-09-26;1859;0,325;2,924
De Witte Juffer;2016-09-25;8677;1,517;13,65
De Witte Juffer;2016-09-24;6248;1,092;9,829
De Witte Juffer;2016-09-23;3365;0,588;5,294
De Witte Juffer;2016-09-22;2419;0,423;3,805
De Witte Juffer;2016-09-21;1465;0,256;2,305
De Witte Juffer;2016-09-20;92;0,016;0,145
De Witte Juffer;2016-09-19;833;0,146;1,31
De Witte Juffer;2016-09-18;3433;0,6;5,401
De Witte Juffer;2016-09-17;2272;0,397;3,574
De Witte Juffer;2016-09-16;4813;0,841;7,572
De Witte Juffer;2016-09-15;3466;0,606;5,453
De Witte Juffer;2016-09-14;3266;0,571;5,138
De Witte Juffer;2016-09-13;1626;0,284;2,558
De Witte Juffer;2016-09-12;1127;0,197;1,773
De Witte Juffer;2016-09-11;543;0,095;0,854
De Witte Juffer;2016-09-10;4233;0,74;6,659
De Witte Juffer;2016-09-09;1622;0,284;2,552
De Witte Juffer;2016-09-08;4901;0,857;7,71
De Witte Juffer;2016-09-07;814;0,142;1,281
De Witte Juffer;2016-09-06;1118;0,195;1,759
De Witte Juffer;2016-09-05;2361;0,413;3,714
De Witte Juffer;2016-09-04;8580;1,5;13,498
De Witte Juffer;2016-09-03;3210;0,561;5,05
De Witte Juffer;2016-09-02;4150;0,725;6,529
De Witte Juffer;2016-09-01;3184;0,557;5,009
De Witte Juffer;2016-08-31;1886;0,33;2,967
De Witte Juffer;2016-08-30;-147;-0,026;-0,231
De Witte Juffer;2016-08-29;2261;0,395;3,557
De Witte Juffer;2016-08-28;11940;2,087;18,783
De Witte Juffer;2016-08-27;4632;0,81;7,287
De Witte Juffer;2016-08-26;1680;0,294;2,643
De Witte Juffer;2016-08-25;37;0,006;0,058
De Witte Juffer;2016-08-24;3243;0,567;5,102
De Witte Juffer;2016-08-23;2571;0,449;4,045
De Witte Juffer;2016-08-22;9098;1,59;14,313
De Witte Juffer;2016-08-21;13904;2,43;21,873
De Witte Juffer;2016-08-20;8129;1,421;12,788
De Witte Juffer;2016-08-19;3416;0,597;5,374
De Witte Juffer;2016-08-18;3272;0,572;5,147
De Witte Juffer;2016-08-17;5079;0,888;7,99
De Witte Juffer;2016-08-16;3506;0,613;5,515
De Witte Juffer;2016-08-15;2151;0,376;3,384
De Witte Juffer;2016-08-14;1221;0,213;1,921
De Witte Juffer;2016-08-13;7063;1,235;11,111
De Witte Juffer;2016-08-12;7627;1,333;11,998
De Witte Juffer;2016-08-11;8211;1,435;12,917
De Witte Juffer;2016-08-10;2904;0,508;4,568
De Witte Juffer;2016-08-09;3359;0,587;5,284
De Witte Juffer;2016-08-08;12483;2,182;19,638
De Witte Juffer;2016-08-07;9274;1,621;14,589
De Witte Juffer;2016-08-06;4936;0,863;7,765
De Witte Juffer;2016-08-05;4453;0,778;7,005
De Witte Juffer;2016-08-04;11204;1,958;17,626
De Witte Juffer;2016-08-03;13025;2,277;20,49
De Witte Juffer;2016-08-02;3558;0,622;5,597
De Witte Juffer;2016-08-01;3127;0,547;4,919
De Witte Juffer;2016-07-31;3010;0,526;4,735
De Witte Juffer;2016-07-30;1652;0,289;2,599
De Witte Juffer;2016-07-29;6588;1,152;10,364
De Witte Juffer;2016-07-28;2871;0,502;4,517
De Witte Juffer;2016-07-27;818;0,143;1,287
De Witte Juffer;2016-07-26;544;0,095;0,856
De Witte Juffer;2016-07-25;1688;0,295;2,655
De Witte Juffer;2016-07-24;276;0,048;0,434
De Witte Juffer;2016-07-23;1240;0,217;1,951
De Witte Juffer;2016-07-22;-80;-0,014;-0,126
De Witte Juffer;2016-07-21;1721;0,301;2,707
De Witte Juffer;2016-07-20;5241;0,916;8,245
De Witte Juffer;2016-07-19;1497;0,262;2,355
De Witte Juffer;2016-07-18;625;0,109;0,983
De Witte Juffer;2016-07-17;2712;0,474;4,266
De Witte Juffer;2016-07-16;4213;0,736;6,628
De Witte Juffer;2016-07-15;2825;0,494;4,444
De Witte Juffer;2016-07-14;9086;1,588;14,294
De Witte Juffer;2016-07-13;3660;0,64;5,758
De Witte Juffer;2016-07-12;4424;0,773;6,96
De Witte Juffer;2016-07-11;20071;3,508;31,575
De Witte Juffer;2016-07-10;5113;0,894;8,044
De Witte Juffer;2016-07-09;4785;0,836;7,528
De Witte Juffer;2016-07-08;9160;1,601;14,41
De Witte Juffer;2016-07-07;1035;0,181;1,628
De Witte Juffer;2016-07-06;3269;0,571;5,143
De Witte Juffer;2016-07-05;12629;2,207;19,867
De Witte Juffer;2016-07-04;138;0,024;0,217
De Witte Juffer;2016-07-03;4713;0,824;7,414
De Witte Juffer;2016-07-02;16344;2,857;25,712
De Witte Juffer;2016-07-01;10999;1,923;17,303
De Witte Juffer;2016-06-30;8034;1,404;12,639
De Witte Juffer;2016-06-29;9931;1,736;15,623
De Witte Juffer;2016-06-28;1719;0,3;2,704
De Witte Juffer;2016-06-27;5849;1,022;9,201
De Witte Juffer;2016-06-26;5177;0,905;8,144
De Witte Juffer;2016-06-25;382;0,067;0,601
De Witte Juffer;2016-06-24;3160;0,552;4,971
De Witte Juffer;2016-06-23;1596;0,279;2,511
De Witte Juffer;2016-06-22;1411;0,247;2,22
De Witte Juffer;2016-06-21;1958;0,342;3,08
De Witte Juffer;2016-06-20;15050;2,631;23,676
De Witte Juffer;2016-06-19;2799;0,489;4,403
De Witte Juffer;2016-06-18;5801;1,014;9,126
De Witte Juffer;2016-06-17;735;0,128;1,156
De Witte Juffer;2016-06-16;687;0,12;1,081
De Witte Juffer;2016-06-15;1043;0,182;1,641
De Witte Juffer;2016-06-14;3559;0,622;5,599
De Witte Juffer;2016-06-13;3569;0,624;5,615
De Witte Juffer;2016-06-12;296;0,052;0,466
De Witte Juffer;2016-06-11;200;0,035;0,315
De Witte Juffer;2016-06-10;484;0,085;0,761
De Witte Juffer;2016-06-09;2227;0,389;3,503
De Witte Juffer;2016-06-08;3574;0,625;5,622
De Witte Juffer;2016-06-07;1719;0,3;2,704
De Witte Juffer;2016-06-06;2127;0,372;3,346
De Witte Juffer;2016-06-05;4707;0,823;7,405
De Witte Juffer;2016-06-04;2695;0,471;4,24
De Witte Juffer;2016-06-03;1189;0,208;1,87
De Witte Juffer;2016-06-02;15766;2,756;24,802
De Witte Juffer;2016-06-01;9099;1,59;14,314
De Witte Juffer;2016-05-31;2529;0,442;3,979
De Witte Juffer;2016-05-30;16907;2,955;26,597
De Witte Juffer;2016-05-29;5232;0,915;8,231
De Witte Juffer;2016-05-28;2664;0,466;4,191
De Witte Juffer;2016-05-27;3176;0,555;4,996
De Witte Juffer;2016-05-26;953;0,167;1,499
De Witte Juffer;2016-05-25;-121;-0,021;-0,19
De Witte Juffer;2016-05-24;7597;1,328;11,951
De Witte Juffer;2016-05-23;16381;2,863;25,77
De Witte Juffer;2016-05-22;3539;0,619;5,567
De Witte Juffer;2016-05-21;11097;1,94;17,457
De Witte Juffer;2016-05-20;7389;1,292;11,624
De Witte Juffer;2016-05-19;1138;0,199;1,79
De Witte Juffer;2016-05-18;4951;0,865;7,789
De Witte Juffer;2016-05-17;4733;0,827;7,446
De Witte Juffer;2016-05-16;2550;0,446;4,012
De Witte Juffer;2016-05-15;10747;1,879;16,907
De Witte Juffer;2016-05-14;16457;2,877;25,889
De Witte Juffer;2016-05-13;14540;2,542;22,874
De Witte Juffer;2016-05-12;14063;2,458;22,123
De Witte Juffer;2016-05-11;5995;1,048;9,431
De Witte Juffer;2016-05-10;3714;0,649;5,843
De Witte Juffer;2016-05-09;6599;1,153;10,381
De Witte Juffer;2016-05-08;15207;2,658;23,923
De Witte Juffer;2016-05-07;4677;0,818;7,358
De Witte Juffer;2016-05-06;7168;1,253;11,276
De Witte Juffer;2016-05-05;7871;1,376;12,382
De Witte Juffer;2016-05-04;976;0,171;1,535
De Witte Juffer;2016-05-03;6910;1,208;10,87
De Witte Juffer;2016-05-02;3015;0,527;4,743
De Witte Juffer;2016-05-01;3249;0,568;5,111
De Witte Juffer;2016-04-30;5365;0,938;8,44
De Witte Juffer;2016-04-29;18348;3,207;28,864
De Witte Juffer;2016-04-28;4469;0,781;7,03
De Witte Juffer;2016-04-27;11154;1,95;17,547
De Witte Juffer;2016-04-26;23711;4,145;37,301
De Witte Juffer;2016-04-25;8306;1,452;13,067
De Witte Juffer;2016-04-24;10767;1,882;16,938
De Witte Juffer;2016-04-23;7078;1,237;11,135
De Witte Juffer;2016-04-22;6040;1,056;9,502
De Witte Juffer;2016-04-21;5929;1,036;9,327
De Witte Juffer;2016-04-20;2172;0,38;3,417
De Witte Juffer;2016-04-19;6096;1,066;9,59
De Witte Juffer;2016-04-18;12245;2,14;19,263
De Witte Juffer;2016-04-17;2301;0,402;3,62
De Witte Juffer;2016-04-16;21452;3,75;33,747
De Witte Juffer;2016-04-15;10406;1,819;16,37
De Witte Juffer;2016-04-14;1120;0,196;1,762
De Witte Juffer;2016-04-13;875;0,153;1,377
De Witte Juffer;2016-04-12;3733;0,653;5,873
De Witte Juffer;2016-04-11;12426;2,172;19,548
De Witte Juffer;2016-04-10;3623;0,633;5,7
De Witte Juffer;2016-04-09;5296;0,926;8,331
De Witte Juffer;2016-04-08;1022;0,179;1,608
De Witte Juffer;2016-04-07;15586;2,724;24,519
De Witte Juffer;2016-04-06;22451;3,924;35,319
De Witte Juffer;2016-04-05;3800;0,664;5,978
De Witte Juffer;2016-04-04;6223;1,088;9,79
De Witte Juffer;2016-04-03;6032;1,054;9,489
De Witte Juffer;2016-04-02;2161;0,378;3,4
De Witte Juffer;2016-04-01;2700;0,472;4,248
De Witte Juffer;2016-03-31;3185;0,557;5,01
De Witte Juffer;2016-03-30;18784;3,283;29,55
De Witte Juffer;2016-03-29;25400;4,44;39,958
De Witte Juffer;2016-03-28;39154;6,844;61,595
De Witte Juffer;2016-03-27;20296;3,548;31,929
De Witte Juffer;2016-03-26;22423;3,919;35,275
De Witte Juffer;2016-03-25;12538;2,192;19,724
De Witte Juffer;2016-03-24;5175;0,905;8,141
De Witte Juffer;2016-03-23;4423;0,773;6,958
De Witte Juffer;2016-03-22;3917;0,685;6,162
De Witte Juffer;2016-03-21;4013;0,701;6,313
De Witte Juffer;2016-03-20;3586;0,627;5,641
De Witte Juffer;2016-03-19;6564;1,147;10,326
De Witte Juffer;2016-03-18;2340;0,409;3,681
De Witte Juffer;2016-03-17;7349;1,285;11,561
De Witte Juffer;2016-03-16;15307;2,676;24,08
De Witte Juffer;2016-03-15;4603;0,805;7,241
De Witte Juffer;2016-03-14;11429;1,998;17,98
De Witte Juffer;2016-03-13;9479;1,657;14,912
De Witte Juffer;2016-03-12;2174;0,38;3,42
De Witte Juffer;2016-03-11;4212;0,736;6,626
De Witte Juffer;2016-03-10;4972;0,869;7,822
De Witte Juffer;2016-03-09;26250;4,588;41,295
De Witte Juffer;2016-03-08;4491;0,785;7,065
De Witte Juffer;2016-03-07;792;0,138;1,246
De Witte Juffer;2016-03-06;762;0,133;1,199
De Witte Juffer;2016-03-05;452;0,079;0,711
De Witte Juffer;2016-03-04;13477;2,356;21,201
De Witte Juffer;2016-03-03;4056;0,709;6,381
De Witte Juffer;2016-03-02;22629;3,955;35,599
De Witte Juffer;2016-03-01;19168;3,35;30,154
De Witte Juffer;2016-02-29;2917;0,51;4,589
De Witte Juffer;2016-02-28;13913;2,432;21,887
De Witte Juffer;2016-02-27;9507;1,662;14,956
De Witte Juffer;2016-02-26;1221;0,213;1,921
De Witte Juffer;2016-02-25;3713;0,649;5,841
De Witte Juffer;2016-02-24;1832;0,32;2,882
De Witte Juffer;2016-02-23;6621;1,157;10,416
De Witte Juffer;2016-02-22;17425;3,046;27,412
De Witte Juffer;2016-02-21;39920;6,978;62,8
De Witte Juffer;2016-02-20;37468;6,549;58,943
De Witte Juffer;2016-02-19;7785;1,361;12,247
De Witte Juffer;2016-02-18;3750;0,655;5,899
De Witte Juffer;2016-02-17;3129;0,547;4,922
De Witte Juffer;2016-02-16;2199;0,384;3,459
De Witte Juffer;2016-02-15;16225;2,836;25,524
De Witte Juffer;2016-02-14;10722;1,874;16,867
De Witte Juffer;2016-02-13;5832;1,019;9,175
De Witte Juffer;2016-02-12;2830;0,495;4,452
De Witte Juffer;2016-02-11;7576;1,324;11,918
De Witte Juffer;2016-02-10;10277;1,796;16,167
De Witte Juffer;2016-02-09;22329;3,903;35,127
De Witte Juffer;2016-02-08;45784;8,003;72,025
De Witte Juffer;2016-02-07;32839;5,74;51,661
De Witte Juffer;2016-02-06;23098;4,037;36,337
De Witte Juffer;2016-02-05;12225;2,137;19,232
De Witte Juffer;2016-02-04;10642;1,86;16,741
De Witte Juffer;2016-02-03;13063;2,283;20,55
De Witte Juffer;2016-02-02;38728;6,769;60,925
De Witte Juffer;2016-02-01;44690;7,812;70,304
De Witte Juffer;2016-01-31;14950;2,613;23,519
De Witte Juffer;2016-01-30;29190;5,102;45,92
De Witte Juffer;2016-01-29;39330;6,875;61,872
De Witte Juffer;2016-01-28;13344;2,332;20,992
De Witte Juffer;2016-01-27;39947;6,983;62,843
De Witte Juffer;2016-01-26;25452;4,449;40,04
De Witte Juffer;2016-01-25;11901;2,08;18,722
De Witte Juffer;2016-01-24;9372;1,638;14,744
De Witte Juffer;2016-01-23;12315;2,153;19,373
De Witte Juffer;2016-01-22;11060;1,933;17,399
De Witte Juffer;2016-01-21;1807;0,316;2,843
De Witte Juffer;2016-01-20;2657;0,464;4,18
De Witte Juffer;2016-01-19;1575;0,275;2,478
De Witte Juffer;2016-01-18;3932;0,687;6,186
De Witte Juffer;2016-01-17;4520;0,79;7,111
De Witte Juffer;2016-01-16;14403;2,518;22,658
De Witte Juffer;2016-01-15;7816;1,366;12,296
De Witte Juffer;2016-01-14;22874;3,998;35,984
De Witte Juffer;2016-01-13;15023;2,626;23,633
De Witte Juffer;2016-01-12;21131;3,694;33,242
De Witte Juffer;2016-01-11;11134;1,946;17,515
De Witte Juffer;2016-01-10;22242;3,888;34,99
De Witte Juffer;2016-01-09;14008;2,449;22,037
De Witte Juffer;2016-01-08;19610;3,428;30,85
De Witte Juffer;2016-01-07;25645;4,483;40,343
De Witte Juffer;2016-01-06;988;0,173;1,554
De Witte Juffer;2016-01-05;5580;0,975;8,778
De Witte Juffer;2016-01-04;6483;1,133;10,199
De Witte Juffer;2016-01-03;22409;3,917;35,253
De Witte Juffer;2016-01-02;21639;3,782;34,041
De Witte Juffer;2016-01-01;7562;1,322;11,896
De Witte Juffer;2015-12-31;22796;3,985;35,862
De Witte Juffer;2015-12-30;23604;4,126;37,133
De Witte Juffer;2015-12-29;10361;1,811;16,299
De Witte Juffer;2015-12-28;10851;1,897;17,07
De Witte Juffer;2015-12-27;26767;4,679;42,109
De Witte Juffer;2015-12-26;36098;6,31;56,788
De Witte Juffer;2015-12-25;17477;3,055;27,494
De Witte Juffer;2015-12-24;28272;4,942;44,476
De Witte Juffer;2015-12-23;29433;5,145;46,303
De Witte Juffer;2015-12-22;33610;5,875;52,874
De Witte Juffer;2015-12-21;29999;5,244;47,193
De Witte Juffer;2015-12-20;17325;3,028;27,255
De Witte Juffer;2015-12-19;17159;2,999;26,994
De Witte Juffer;2015-12-18;11648;2,036;18,324
De Witte Juffer;2015-12-17;14597;2,551;22,963
De Witte Juffer;2015-12-16;14319;2,503;22,526
De Witte Juffer;2015-12-15;2801;0,49;4,406
De Witte Juffer;2015-12-14;2432;0,425;3,826
De Witte Juffer;2015-12-13;7966;1,392;12,532
De Witte Juffer;2015-12-12;21860;3,821;34,389
De Witte Juffer;2015-12-11;20274;3,544;31,894
De Witte Juffer;2015-12-10;31573;5,519;49,669
De Witte Juffer;2015-12-09;13443;2,35;21,148
De Witte Juffer;2015-12-08;15926;2,784;25,054
De Witte Juffer;2015-12-07;6738;1,178;10,6
De Witte Juffer;2015-12-06;33217;5,806;52,255
De Witte Juffer;2015-12-05;37131;6,49;58,413
De Witte Juffer;2015-12-04;23920;4,181;37,63
De Witte Juffer;2015-12-03;16249;2,84;25,562
De Witte Juffer;2015-12-02;15528;2,714;24,428
De Witte Juffer;2015-12-01;11638;2,034;18,308
De Witte Juffer;2015-11-30;31009;5,42;48,782
De Witte Juffer;2015-11-29;40828;7,137;64,229
De Witte Juffer;2015-11-28;26847;4,693;42,234
De Witte Juffer;2015-11-27;18451;3,225;29,026
De Witte Juffer;2015-11-26;3938;0,688;6,195
De Witte Juffer;2015-11-25;6323;1,105;9,947
De Witte Juffer;2015-11-24;28630;5,004;45,039
De Witte Juffer;2015-11-23;7306;1,277;11,493
De Witte Juffer;2015-11-22;5687;0,994;8,947
De Witte Juffer;2015-11-21;11752;2,054;18,488
De Witte Juffer;2015-11-20;10543;1,843;16,586
De Witte Juffer;2015-11-19;32484;5,678;51,102
De Witte Juffer;2015-11-18;37745;6,598;59,379
De Witte Juffer;2015-11-17;31616;5,526;49,737
De Witte Juffer;2015-11-16;23617;4,128;37,153
De Witte Juffer;2015-11-15;44978;7,862;70,757
De Witte Juffer;2015-11-14;24076;4,208;37,875
De Witte Juffer;2015-11-13;27414;4,792;43,126
De Witte Juffer;2015-11-12;9625;1,682;15,142
De Witte Juffer;2015-11-11;12141;2,122;19,1
De Witte Juffer;2015-11-10;31999;5,593;50,339
De Witte Juffer;2015-11-09;33293;5,819;52,375
De Witte Juffer;2015-11-08;10567;1,847;16,623
De Witte Juffer;2015-11-07;21989;3,844;34,592
De Witte Juffer;2015-11-06;14344;2,507;22,565
De Witte Juffer;2015-11-05;7894;1,38;12,418
De Witte Juffer;2015-11-04;7736;1,352;12,17
De Witte Juffer;2015-11-03;4439;0,776;6,983
De Witte Juffer;2015-11-02;3706;0,648;5,83
De Witte Juffer;2015-11-01;1438;0,251;2,262
De Witte Juffer;2015-10-31;6255;1,093;9,84
De Witte Juffer;2015-10-30;6824;1,193;10,735
De Witte Juffer;2015-10-29;2646;0,463;4,163
De Witte Juffer;2015-10-28;4231;0,74;6,656
De Witte Juffer;2015-10-27;6508;1,138;10,238
De Witte Juffer;2015-10-26;3411;0,596;5,366
De Witte Juffer;2015-10-25;1406;0,246;2,212
De Witte Juffer;2015-10-24;2181;0,381;3,431
De Witte Juffer;2015-10-23;1377;0,241;2,166
De Witte Juffer;2015-10-22;4853;0,848;7,635
De Witte Juffer;2015-10-21;5978;1,045;9,404
De Witte Juffer;2015-10-20;1110;0,194;1,746
De Witte Juffer;2015-10-19;243;0,042;0,382
De Witte Juffer;2015-10-18;-131;-0,023;-0,206
De Witte Juffer;2015-10-17;-167;-0,029;-0,263
De Witte Juffer;2015-10-16;187;0,033;0,294
De Witte Juffer;2015-10-15;679;0,119;1,068
De Witte Juffer;2015-10-14;1408;0,246;2,215
De Witte Juffer;2015-10-13;7188;1,256;11,308
De Witte Juffer;2015-10-12;2441;0,427;3,84
De Witte Juffer;2015-10-11;8522;1,49;13,406
De Witte Juffer;2015-10-10;3882;0,679;6,107
De Witte Juffer;2015-10-09;570;0,1;0,897
De Witte Juffer;2015-10-08;1269;0,222;1,996
De Witte Juffer;2015-10-07;8589;1,501;13,512
De Witte Juffer;2015-10-06;2739;0,479;4,309
De Witte Juffer;2015-10-05;4239;0,741;6,669
De Witte Juffer;2015-10-04;514;0,09;0,809
De Witte Juffer;2015-10-03;653;0,114;1,027
De Witte Juffer;2015-10-02;4215;0,737;6,631
De Witte Juffer;2015-10-01;6617;1,157;10,41
De Witte Juffer;2015-09-30;10568;1,847;16,625
De Witte Juffer;2015-09-29;10341;1,808;16,268
De Witte Juffer;2015-09-28;5409;0,945;8,509
De Witte Juffer;2015-09-27;4281;0,748;6,735
De Witte Juffer;2015-09-26;1448;0,253;2,278
De Witte Juffer;2015-09-25;2107;0,368;3,315
De Witte Juffer;2015-09-24;10522;1,839;16,553
De Witte Juffer;2015-09-23;3348;0,585;5,267
De Witte Juffer;2015-09-22;3903;0,682;6,14
De Witte Juffer;2015-09-21;6424;1,123;10,106
De Witte Juffer;2015-09-20;3584;0,626;5,638
De Witte Juffer;2015-09-19;1205;0,211;1,896
De Witte Juffer;2015-09-18;7155;1,251;11,256
De Witte Juffer;2015-09-17;15372;2,687;24,182
De Witte Juffer;2015-09-16;14046;2,455;22,096
De Witte Juffer;2015-09-15;13491;2,358;21,223
De Witte Juffer;2015-09-14;-143;-0,025;-0,225
De Witte Juffer;2015-09-13;-122;-0,021;-0,192
De Witte Juffer;2015-09-12;-116;-0,02;-0,182
De Witte Juffer;2015-09-11;-122;-0,021;-0,192
De Witte Juffer;2015-09-10;-168;-0,029;-0,264
De Witte Juffer;2015-09-09;-170;-0,03;-0,267
De Witte Juffer;2015-09-08;-189;-0,033;-0,297
De Witte Juffer;2015-09-07;-65;-0,011;-0,102
De Witte Juffer;2015-09-06;7794;1,362;12,261
De Witte Juffer;2015-09-05;9021;1,577;14,191
De Witte Juffer;2015-09-04;17239;3,013;27,12
De Witte Juffer;2015-09-03;2208;0,386;3,474
De Witte Juffer;2015-09-02;2421;0,423;3,809
De Witte Juffer;2015-09-01;5132;0,897;8,073
De Witte Juffer;2015-08-31;2522;0,441;3,967
De Witte Juffer;2015-08-30;2569;0,449;4,041
De Witte Juffer;2015-08-29;433;0,076;0,681
De Witte Juffer;2015-08-28;2969;0,519;4,671
De Witte Juffer;2015-08-27;6632;1,159;10,433
De Witte Juffer;2015-08-26;13139;2,297;20,67
De Witte Juffer;2015-08-25;20242;3,538;31,844
De Witte Juffer;2015-08-24;9032;1,579;14,209
De Witte Juffer;2015-08-23;10580;1,849;16,644
De Witte Juffer;2015-08-22;4870;0,851;7,661
De Witte Juffer;2015-08-21;601;0,105;0,945
De Witte Juffer;2015-08-20;2431;0,425;3,824
De Witte Juffer;2015-08-19;1440;0,252;2,265
De Witte Juffer;2015-08-18;7455;1,303;11,728
De Witte Juffer;2015-08-17;5936;1,038;9,338
De Witte Juffer;2015-08-16;4810;0,841;7,567
De Witte Juffer;2015-08-15;5788;1,012;9,105
De Witte Juffer;2015-08-14;2094;0,366;3,294
De Witte Juffer;2015-08-13;6857;1,199;10,787
De Witte Juffer;2015-08-12;2506;0,438;3,942
De Witte Juffer;2015-08-11;696;0,122;1,095
De Witte Juffer;2015-08-10;-197;-0,034;-0,31
De Witte Juffer;2015-08-09;129;0,023;0,203
De Witte Juffer;2015-08-08;2797;0,489;4,4
De Witte Juffer;2015-08-07;994;0,174;1,564
De Witte Juffer;2015-08-06;4017;0,702;6,319
De Witte Juffer;2015-08-05;4735;0,828;7,449
De Witte Juffer;2015-08-04;6764;1,182;10,641
De Witte Juffer;2015-08-03;4743;0,829;7,461
De Witte Juffer;2015-08-02;683;0,119;1,074
De Witte Juffer;2015-08-01;283;0,049;0,445
De Witte Juffer;2015-07-31;638;0,112;1,004
De Witte Juffer;2015-07-30;5016;0,877;7,891
De Witte Juffer;2015-07-29;13693;2,393;21,541
De Witte Juffer;2015-07-28;26157;4,572;41,149
De Witte Juffer;2015-07-27;26952;4,711;42,4
De Witte Juffer;2015-07-26;7581;1,325;11,926
De Witte Juffer;2015-07-25;22683;3,965;35,684
De Witte Juffer;2015-07-24;1207;0,211;1,899
De Witte Juffer;2015-07-23;856;0,15;1,347
De Witte Juffer;2015-07-22;4701;0,822;7,395
De Witte Juffer;2015-07-21;9647;1,686;15,176
De Witte Juffer;2015-07-20;747;0,131;1,175
De Witte Juffer;2015-07-19;4978;0,87;7,831
De Witte Juffer;2015-07-18;4201;0,734;6,609
De Witte Juffer;2015-07-17;15450;2,701;24,305
De Witte Juffer;2015-07-16;348;0,061;0,547
De Witte Juffer;2015-07-15;2180;0,381;3,429
De Witte Juffer;2015-07-14;4985;0,871;7,842
De Witte Juffer;2015-07-13;8016;1,401;12,61
De Witte Juffer;2015-07-12;9863;1,724;15,516
De Witte Juffer;2015-07-11;4176;0,73;6,569
De Witte Juffer;2015-07-10;768;0,134;1,208
De Witte Juffer;2015-07-09;9288;1,623;14,611
De Witte Juffer;2015-07-08;15259;2,667;24,005
De Witte Juffer;2015-07-07;10726;1,875;16,874
De Witte Juffer;2015-07-06;5437;0,95;8,553
De Witte Juffer;2015-07-05;5072;0,887;7,979
De Witte Juffer;2015-07-04;4619;0,807;7,266
De Witte Juffer;2015-07-03;694;0,121;1,092
De Witte Juffer;2015-07-02;5529;0,966;8,698
De Witte Juffer;2015-07-01;1703;0,298;2,679
De Witte Juffer;2015-06-30;1387;0,242;2,182
De Witte Juffer;2015-06-29;327;0,057;0,514
De Witte Juffer;2015-06-28;614;0,107;0,966
De Witte Juffer;2015-06-27;6182;1,081;9,725
De Witte Juffer;2015-06-26;466;0,081;0,733
De Witte Juffer;2015-06-25;583;0,102;0,917
De Witte Juffer;2015-06-24;2102;0,367;3,307
De Witte Juffer;2015-06-23;9285;1,623;14,607
De Witte Juffer;2015-06-22;4423;0,773;6,958
De Witte Juffer;2015-06-21;5041;0,881;7,93
De Witte Juffer;2015-06-20;427;0,075;0,672
De Witte Juffer;2015-06-19;7296;1,275;11,478
De Witte Juffer;2015-06-18;10245;1,791;16,117
De Witte Juffer;2015-06-17;7851;1,372;12,351
De Witte Juffer;2015-06-16;1031;0,18;1,622
De Witte Juffer;2015-06-15;7405;1,294;11,649
De Witte Juffer;2015-06-14;1509;0,264;2,374
De Witte Juffer;2015-06-13;15528;2,714;24,428
De Witte Juffer;2015-06-12;3131;0,547;4,926
De Witte Juffer;2015-06-11;5536;0,968;8,709
De Witte Juffer;2015-06-10;6957;1,216;10,944
De Witte Juffer;2015-06-09;8323;1,455;13,093
De Witte Juffer;2015-06-08;12419;2,171;19,537
De Witte Juffer;2015-06-07;4955;0,866;7,795
De Witte Juffer;2015-06-06;7037;1,23;11,07
De Witte Juffer;2015-06-05;3488;0,61;5,487
De Witte Juffer;2015-06-04;1622;0,284;2,552
De Witte Juffer;2015-06-03;12525;2,189;19,704
De Witte Juffer;2015-06-02;33657;5,883;52,948
De Witte Juffer;2015-06-01;3384;0,592;5,324
De Witte Juffer;2015-05-31;17115;2,992;26,924
De Witte Juffer;2015-05-30;8788;1,536;13,825
De Witte Juffer;2015-05-29;13360;2,335;21,017
De Witte Juffer;2015-05-28;11334;1,981;17,83
De Witte Juffer;2015-05-27;2590;0,453;4,074
De Witte Juffer;2015-05-26;6202;1,084;9,757
De Witte Juffer;2015-05-25;3799;0,664;5,976
De Witte Juffer;2015-05-24;716;0,125;1,126
De Witte Juffer;2015-05-23;4137;0,723;6,508
De Witte Juffer;2015-05-22;2014;0,352;3,168
De Witte Juffer;2015-05-21;1959;0,342;3,082
De Witte Juffer;2015-05-20;6519;1,139;10,255
De Witte Juffer;2015-05-19;18158;3,174;28,565
De Witte Juffer;2015-05-18;12485;2,182;19,641
De Witte Juffer;2015-05-17;3827;0,669;6,02
De Witte Juffer;2015-05-16;7683;1,343;12,087
De Witte Juffer;2015-05-15;4637;0,811;7,295
De Witte Juffer;2015-05-14;1930;0,337;3,036
De Witte Juffer;2015-05-13;4656;0,814;7,325
De Witte Juffer;2015-05-12;7092;1,24;11,157
De Witte Juffer;2015-05-11;4887;0,854;7,688
De Witte Juffer;2015-05-10;902;0,158;1,419
De Witte Juffer;2015-05-09;27906;4,878;43,9
De Witte Juffer;2015-05-08;1141;0,199;1,795
De Witte Juffer;2015-05-07;14072;2,46;22,137
De Witte Juffer;2015-05-06;24507;4,284;38,553
De Witte Juffer;2015-05-05;29226;5,109;45,977
De Witte Juffer;2015-05-04;8134;1,422;12,796
De Witte Juffer;2015-05-03;12768;2,232;20,086
De Witte Juffer;2015-05-02;528;0,092;0,831
De Witte Juffer;2015-05-01;3252;0,568;5,116
De Witte Juffer;2015-04-30;8420;1,472;13,246
De Witte Juffer;2015-04-29;10154;1,775;15,974
De Witte Juffer;2015-04-28;7386;1,291;11,619
De Witte Juffer;2015-04-27;8537;1,492;13,43
De Witte Juffer;2015-04-26;3387;0,592;5,328
De Witte Juffer;2015-04-25;4587;0,802;7,216
De Witte Juffer;2015-04-24;3411;0,596;5,366
De Witte Juffer;2015-04-23;500;0,087;0,787
De Witte Juffer;2015-04-22;6422;1,123;10,103
De Witte Juffer;2015-04-21;5230;0,914;8,228
De Witte Juffer;2015-04-20;6893;1,205;10,844
De Witte Juffer;2015-04-19;668;0,117;1,051
De Witte Juffer;2015-04-18;8069;1,41;12,694
De Witte Juffer;2015-04-17;8059;1,409;12,678
De Witte Juffer;2015-04-16;3283;0,574;5,165
De Witte Juffer;2015-04-15;7451;1,302;11,722
De Witte Juffer;2015-04-14;9911;1,732;15,592
De Witte Juffer;2015-04-13;3414;0,597;5,371
De Witte Juffer;2015-04-12;18279;3,195;28,756
De Witte Juffer;2015-04-11;17157;2,999;26,991
De Witte Juffer;2015-04-10;-193;-0,034;-0,304
De Witte Juffer;2015-04-09;1244;0,217;1,957
De Witte Juffer;2015-04-08;173;0,03;0,272
De Witte Juffer;2015-04-07;3122;0,546;4,911
De Witte Juffer;2015-04-06;-26;-0,005;-0,041
De Witte Juffer;2015-04-05;1882;0,329;2,961
De Witte Juffer;2015-04-04;7739;1,353;12,175
De Witte Juffer;2015-04-03;260;0,045;0,409
De Witte Juffer;2015-04-02;23988;4,193;37,737
De Witte Juffer;2015-04-01;37348;6,528;58,754
De Witte Juffer;2015-03-31;40909;7,151;64,356
De Witte Juffer;2015-03-30;30816;5,386;48,478
De Witte Juffer;2015-03-29;37698;6,589;59,305
De Witte Juffer;2015-03-28;20772;3,631;32,678
De Witte Juffer;2015-03-27;11670;2,04;18,359
De Witte Juffer;2015-03-26;12692;2,218;19,966
De Witte Juffer;2015-03-25;1341;0,234;2,11
De Witte Juffer;2015-03-24;1539;0,269;2,421
De Witte Juffer;2015-03-23;1398;0,244;2,199
De Witte Juffer;2015-03-22;4884;0,854;7,683
De Witte Juffer;2015-03-21;18094;3,163;28,465
De Witte Juffer;2015-03-20;491;0,086;0,772
De Witte Juffer;2015-03-19;440;0,077;0,692
De Witte Juffer;2015-03-18;3034;0,53;4,773
De Witte Juffer;2015-03-17;454;0,079;0,714
De Witte Juffer;2015-03-16;2885;0,504;4,539
De Witte Juffer;2015-03-15;8746;1,529;13,759
De Witte Juffer;2015-03-14;6723;1,175;10,576
De Witte Juffer;2015-03-13;5635;0,985;8,865
De Witte Juffer;2015-03-12;7070;1,236;11,122
De Witte Juffer;2015-03-11;572;0,1;0,9
De Witte Juffer;2015-03-10;3304;0,578;5,198
De Witte Juffer;2015-03-09;3320;0,58;5,223
De Witte Juffer;2015-03-08;9407;1,644;14,799
De Witte Juffer;2015-03-07;17109;2,991;26,915
De Witte Juffer;2015-03-06;6741;1,178;10,605
De Witte Juffer;2015-03-05;4890;0,855;7,693
De Witte Juffer;2015-03-04;18389;3,214;28,929
De Witte Juffer;2015-03-03;18578;3,247;29,226
De Witte Juffer;2015-03-02;31502;5,506;49,557
De Witte Juffer;2015-03-01;37343;6,527;58,746
De Witte Juffer;2015-02-28;24927;4,357;39,214
De Witte Juffer;2015-02-27;9129;1,596;14,361
De Witte Juffer;2015-02-26;11642;2,035;18,315
De Witte Juffer;2015-02-25;7399;1,293;11,64
De Witte Juffer;2015-02-24;24259;4,24;38,163
De Witte Juffer;2015-02-23;28034;4,9;44,102
De Witte Juffer;2015-02-22;15479;2,706;24,351
De Witte Juffer;2015-02-21;5439;0,951;8,556
De Witte Juffer;2015-02-20;22374;3,911;35,198
De Witte Juffer;2015-02-19;19795;3,46;31,141
De Witte Juffer;2015-02-18;5281;0,923;8,308
De Witte Juffer;2015-02-17;1939;0,339;3,05
De Witte Juffer;2015-02-16;1036;0,181;1,63
De Witte Juffer;2015-02-15;3367;0,589;5,297
De Witte Juffer;2015-02-14;11411;1,995;17,951
De Witte Juffer;2015-02-13;11458;2,003;18,025
De Witte Juffer;2015-02-12;130;0,023;0,205
De Witte Juffer;2015-02-11;593;0,104;0,933
De Witte Juffer;2015-02-10;868;0,152;1,365
De Witte Juffer;2015-02-09;7245;1,266;11,397
De Witte Juffer;2015-02-08;22137;3,869;34,825
De Witte Juffer;2015-02-07;6246;1,092;9,826
De Witte Juffer;2015-02-06;15367;2,686;24,175
De Witte Juffer;2015-02-05;6773;1,184;10,655
De Witte Juffer;2015-02-04;2769;0,484;4,356
De Witte Juffer;2015-02-03;2574;0,45;4,049
De Witte Juffer;2015-02-02;5069;0,886;7,974
De Witte Juffer;2015-02-01;5019;0,877;7,896
De Witte Juffer;2015-01-31;4440;0,776;6,985
De Witte Juffer;2015-01-30;2213;0,387;3,481
De Witte Juffer;2015-01-29;14075;2,46;22,142
De Witte Juffer;2015-01-28;28587;4,997;44,972
De Witte Juffer;2015-01-27;6024;1,053;9,477
De Witte Juffer;2015-01-26;13022;2,276;20,486
De Witte Juffer;2015-01-25;6814;1,191;10,719
De Witte Juffer;2015-01-24;9198;1,608;14,47
De Witte Juffer;2015-01-23;1863;0,326;2,931
De Witte Juffer;2015-01-22;4361;0,762;6,861
De Witte Juffer;2015-01-21;5492;0,96;8,64
De Witte Juffer;2015-01-20;154;0,027;0,242
De Witte Juffer;2015-01-19;-156;-0,027;-0,245
De Witte Juffer;2015-01-18;5246;0,917;8,253
De Witte Juffer;2015-01-17;10571;1,848;16,63
De Witte Juffer;2015-01-16;18067;3,158;28,422
De Witte Juffer;2015-01-15;39340;6,876;61,888
De Witte Juffer;2015-01-14;25958;4,537;40,836
De Witte Juffer;2015-01-13;31069;5,431;48,876
De Witte Juffer;2015-01-12;41605;7,272;65,451
De Witte Juffer;2015-01-11;37336;6,526;58,735
De Witte Juffer;2015-01-10;39070;6,829;61,463
De Witte Juffer;2015-01-09;39731;6,945;62,503
De Witte Juffer;2015-01-08;23573;4,12;37,084
De Witte Juffer;2015-01-07;15214;2,659;23,934
De Witte Juffer;2015-01-06;4639;0,811;7,298
De Witte Juffer;2015-01-05;5007;0,875;7,877
De Witte Juffer;2015-01-04;5662;0,99;8,907
De Witte Juffer;2015-01-03;8009;1,4;12,599
De Witte Juffer;2015-01-02;27783;4,856;43,707
De Witte Juffer;2015-01-01;24019;4,198;37,786
De Witte Juffer;2014-12-31;7094;1,24;11,16
De Witte Juffer;2014-12-30;6796;1,188;10,691
De Witte Juffer;2014-12-29;8811;1,54;13,861
De Witte Juffer;2014-12-28;4124;0,721;6,488
De Witte Juffer;2014-12-27;7591;1,327;11,942
De Witte Juffer;2014-12-26;4477;0,783;7,043
De Witte Juffer;2014-12-25;12826;2,242;20,177
De Witte Juffer;2014-12-24;26138;4,569;41,119
De Witte Juffer;2014-12-23;41825;7,311;65,797
De Witte Juffer;2014-12-22;46138;8,065;72,582
De Witte Juffer;2014-12-21;27686;4,839;43,554
De Witte Juffer;2014-12-20;28331;4,952;44,569
De Witte Juffer;2014-12-19;31075;5,432;48,886
De Witte Juffer;2014-12-18;29609;5,175;46,579
De Witte Juffer;2014-12-17;17423;3,045;27,409
De Witte Juffer;2014-12-16;8493;1,485;13,361
De Witte Juffer;2014-12-15;18123;3,168;28,51
De Witte Juffer;2014-12-14;15208;2,658;23,924
De Witte Juffer;2014-12-13;5702;0,997;8,97
De Witte Juffer;2014-12-12;31336;5,477;49,296
De Witte Juffer;2014-12-11;34387;6,011;54,096
De Witte Juffer;2014-12-10;29456;5,149;46,339
De Witte Juffer;2014-12-09;9305;1,626;14,638
De Witte Juffer;2014-12-08;12881;2,252;20,264
De Witte Juffer;2014-12-07;19626;3,431;30,875
De Witte Juffer;2014-12-06;2073;0,362;3,261
De Witte Juffer;2014-12-05;1868;0,327;2,939
De Witte Juffer;2014-12-04;487;0,085;0,766
De Witte Juffer;2014-12-03;5129;0,897;8,069
De Witte Juffer;2014-12-02;1224;0,214;1,926
De Witte Juffer;2014-12-01;5155;0,901;8,11
De Witte Juffer;2014-11-30;1205;0,211;1,896
De Witte Juffer;2014-11-29;4348;0,76;6,84
De Witte Juffer;2014-11-28;8770;1,533;13,797
De Witte Juffer;2014-11-27;6534;1,142;10,279
De Witte Juffer;2014-11-26;8517;1,489;13,399
De Witte Juffer;2014-11-25;2858;0,5;4,496
De Witte Juffer;2014-11-24;1862;0,325;2,929
De Witte Juffer;2014-11-23;5585;0,976;8,786
De Witte Juffer;2014-11-22;6128;1,071;9,64
De Witte Juffer;2014-11-21;3686;0,644;5,799
De Witte Juffer;2014-11-20;1042;0,182;1,639
De Witte Juffer;2014-11-19;-199;-0,035;-0,313
De Witte Juffer;2014-11-18;3205;0,56;5,042
De Witte Juffer;2014-11-17;4000;0,699;6,293
De Witte Juffer;2014-11-16;273;0,048;0,429
De Witte Juffer;2014-11-15;2367;0,414;3,724
De Witte Juffer;2014-11-14;11888;2,078;18,702
De Witte Juffer;2014-11-13;5912;1,033;9,3
De Witte Juffer;2014-11-12;6636;1,16;10,439
De Witte Juffer;2014-11-11;14004;2,448;22,03
De Witte Juffer;2014-11-10;10816;1,891;17,015
De Witte Juffer;2014-11-09;6952;1,215;10,937
De Witte Juffer;2014-11-08;19290;3,372;30,346
De Witte Juffer;2014-11-07;24943;4,36;39,239
De Witte Juffer;2014-11-06;2275;0,398;3,579
De Witte Juffer;2014-11-05;341;0,06;0,536
De Witte Juffer;2014-11-04;3455;0,604;5,435
De Witte Juffer;2014-11-03;27823;4,863;43,77
De Witte Juffer;2014-11-02;18065;3,158;28,419
De Witte Juffer;2014-11-01;7101;1,241;11,171
De Witte Juffer;2014-10-31;7443;1,301;11,709
De Witte Juffer;2014-10-30;3389;0,592;5,331
De Witte Juffer;2014-10-29;1949;0,341;3,066
De Witte Juffer;2014-10-28;7897;1,38;12,423
De Witte Juffer;2014-10-27;5743;1,004;9,035
De Witte Juffer;2014-10-26;6284;1,098;9,886
De Witte Juffer;2014-10-25;4059;0,709;6,385
De Witte Juffer;2014-10-24;10614;1,855;16,697
De Witte Juffer;2014-10-23;5605;0,98;8,818
De Witte Juffer;2014-10-22;20767;3,63;32,67
De Witte Juffer;2014-10-21;24028;4,2;37,8
De Witte Juffer;2014-10-20;15978;2,793;25,136
De Witte Juffer;2014-10-19;17716;3,097;27,87
De Witte Juffer;2014-10-18;10269;1,795;16,155
De Witte Juffer;2014-10-17;5058;0,884;7,957
De Witte Juffer;2014-10-16;6171;1,079;9,708
De Witte Juffer;2014-10-15;3770;0,659;5,931
De Witte Juffer;2014-10-14;11007;1,924;17,316
De Witte Juffer;2014-10-13;6846;1,197;10,77
De Witte Juffer;2014-10-12;5231;0,914;8,229
De Witte Juffer;2014-10-11;2123;0,371;3,34
De Witte Juffer;2014-10-10;7262;1,269;11,424
De Witte Juffer;2014-10-09;14033;2,453;22,076
De Witte Juffer;2014-10-08;14004;2,448;22,03
De Witte Juffer;2014-10-07;19428;3,396;30,563
De Witte Juffer;2014-10-06;3940;0,689;6,198
De Witte Juffer;2014-10-05;2116;0,37;3,329
De Witte Juffer;2014-10-04;6160;1,077;9,691
De Witte Juffer;2014-10-03;1240;0,217;1,951
De Witte Juffer;2014-10-02;-92;-0,016;-0,145
De Witte Juffer;2014-10-01;507;0,089;0,798
De Witte Juffer;2014-09-30;2864;0,501;4,506
De Witte Juffer;2014-09-29;2307;0,403;3,629
De Witte Juffer;2014-09-28;2102;0,367;3,307
De Witte Juffer;2014-09-27;869;0,152;1,367
De Witte Juffer;2014-09-26;4879;0,853;7,675
De Witte Juffer;2014-09-25;8297;1,45;13,052
De Witte Juffer;2014-09-24;5894;1,03;9,272
De Witte Juffer;2014-09-23;79;0,014;0,124
De Witte Juffer;2014-09-22;10448;1,826;16,436
De Witte Juffer;2014-09-21;8520;1,489;13,403
De Witte Juffer;2014-09-20;783;0,137;1,232
De Witte Juffer;2014-09-19;-125;-0,022;-0,197
De Witte Juffer;2014-09-18;1630;0,285;2,564
De Witte Juffer;2014-09-17;2641;0,462;4,155
De Witte Juffer;2014-09-16;39;0,007;0,061
De Witte Juffer;2014-09-15;423;0,074;0,665
De Witte Juffer;2014-09-14;1509;0,264;2,374
De Witte Juffer;2014-09-13;4082;0,714;6,422
De Witte Juffer;2014-09-12;4596;0,803;7,23
De Witte Juffer;2014-09-11;3791;0,663;5,964
De Witte Juffer;2014-09-10;1840;0,322;2,895
De Witte Juffer;2014-09-09;178;0,031;0,28
De Witte Juffer;2014-09-08;501;0,088;0,788
De Witte Juffer;2014-09-07;240;0,042;0,378
De Witte Juffer;2014-09-06;54;0,009;0,085
De Witte Juffer;2014-09-05;547;0,096;0,861
De Witte Juffer;2014-09-04;1369;0,239;2,154
De Witte Juffer;2014-09-03;4027;0,704;6,335
De Witte Juffer;2014-09-02;177;0,031;0,278
De Witte Juffer;2014-09-01;203;0,035;0,319
De Witte Juffer;2014-08-31;5038;0,881;7,926
De Witte Juffer;2014-08-30;8729;1,526;13,732
De Witte Juffer;2014-08-29;6238;1,09;9,813
De Witte Juffer;2014-08-28;4747;0,83;7,468
De Witte Juffer;2014-08-27;2583;0,451;4,063
De Witte Juffer;2014-08-26;5260;0,919;8,275
De Witte Juffer;2014-08-25;1638;0,286;2,577
De Witte Juffer;2014-08-24;3151;0,551;4,957
De Witte Juffer;2014-08-23;5200;0,909;8,18
De Witte Juffer;2014-08-22;10245;1,791;16,117
De Witte Juffer;2014-08-21;2959;0,517;4,655
De Witte Juffer;2014-08-20;3457;0,604;5,438
De Witte Juffer;2014-08-19;9899;1,73;15,573
De Witte Juffer;2014-08-18;15956;2,789;25,101
De Witte Juffer;2014-08-17;18066;3,158;28,421
De Witte Juffer;2014-08-16;5965;1,043;9,384
De Witte Juffer;2014-08-15;2218;0,388;3,489
De Witte Juffer;2014-08-14;3221;0,563;5,067
De Witte Juffer;2014-08-13;7578;1,325;11,921
De Witte Juffer;2014-08-12;16693;2,918;26,261
De Witte Juffer;2014-08-11;19221;3,36;30,238
De Witte Juffer;2014-08-10;11038;1,929;17,364
De Witte Juffer;2014-08-09;14081;2,461;22,152
De Witte Juffer;2014-08-08;3552;0,621;5,588
De Witte Juffer;2014-08-07;126;0,022;0,198
De Witte Juffer;2014-08-06;3891;0,68;6,121
De Witte Juffer;2014-08-05;-192;-0,034;-0,302
De Witte Juffer;2014-08-04;1077;0,188;1,694
De Witte Juffer;2014-08-03;427;0,075;0,672
De Witte Juffer;2014-08-02;2176;0,38;3,423
De Witte Juffer;2014-08-01;-196;-0,034;-0,308
De Witte Juffer;2014-07-31;463;0,081;0,728
De Witte Juffer;2014-07-30;3516;0,615;5,531
De Witte Juffer;2014-07-29;7699;1,346;12,112
De Witte Juffer;2014-07-28;2647;0,463;4,164
De Witte Juffer;2014-07-27;548;0,096;0,862
De Witte Juffer;2014-07-26;73;0,013;0,115
De Witte Juffer;2014-07-25;2467;0,431;3,881
De Witte Juffer;2014-07-24;5521;0,965;8,685
De Witte Juffer;2014-07-23;2867;0,501;4,51
De Witte Juffer;2014-07-22;4199;0,734;6,606
De Witte Juffer;2014-07-21;2530;0,442;3,98
De Witte Juffer;2014-07-20;913;0,16;1,436
De Witte Juffer;2014-07-19;1566;0,274;2,464
De Witte Juffer;2014-07-18;1329;0,232;2,091
De Witte Juffer;2014-07-17;338;0,059;0,532
De Witte Juffer;2014-07-16;-85;-0,015;-0,134
De Witte Juffer;2014-07-15;2447;0,428;3,85
De Witte Juffer;2014-07-14;5137;0,898;8,081
De Witte Juffer;2014-07-13;678;0,119;1,067
De Witte Juffer;2014-07-12;442;0,077;0,695
De Witte Juffer;2014-07-11;1125;0,197;1,77
De Witte Juffer;2014-07-10;822;0,144;1,293
De Witte Juffer;2014-07-09;17635;3,083;27,743
De Witte Juffer;2014-07-08;8120;1,419;12,774
De Witte Juffer;2014-07-07;2300;0,402;3,618
De Witte Juffer;2014-07-06;10970;1,917;17,257
De Witte Juffer;2014-07-05;10113;1,768;15,909
De Witte Juffer;2014-07-04;3741;0,654;5,885
De Witte Juffer;2014-07-03;2276;0,398;3,58
De Witte Juffer;2014-07-02;6;0,001;0,009
De Witte Juffer;2014-07-01;1449;0,253;2,279
De Witte Juffer;2014-06-30;3086;0,539;4,855
De Witte Juffer;2014-06-29;1504;0,263;2,366
De Witte Juffer;2014-06-28;1703;0,298;2,679
De Witte Juffer;2014-06-27;3758;0,657;5,912
De Witte Juffer;2014-06-26;270;0,047;0,425
De Witte Juffer;2014-06-25;559;0,098;0,879
De Witte Juffer;2014-06-24;2770;0,484;4,358
De Witte Juffer;2014-06-23;-50;-0,009;-0,079
De Witte Juffer;2014-06-22;2257;0,395;3,551
De Witte Juffer;2014-06-21;1736;0,303;2,731
De Witte Juffer;2014-06-20;4777;0,835;7,515
De Witte Juffer;2014-06-19;2366;0,414;3,722
De Witte Juffer;2014-06-18;2623;0,458;4,126
De Witte Juffer;2014-06-17;8057;1,408;12,675
De Witte Juffer;2014-06-16;5087;0,889;8,003
De Witte Juffer;2014-06-15;3734;0,653;5,874
De Witte Juffer;2014-06-14;6307;1,102;9,922
De Witte Juffer;2014-06-13;2248;0,393;3,536
De Witte Juffer;2014-06-12;737;0,129;1,159
De Witte Juffer;2014-06-11;1283;0,224;2,018
De Witte Juffer;2014-06-10;3073;0,537;4,834
De Witte Juffer;2014-06-09;1704;0,298;2,681
De Witte Juffer;2014-06-08;911;0,159;1,433
De Witte Juffer;2014-06-07;2736;0,478;4,304
De Witte Juffer;2014-06-06;2778;0,486;4,37
De Witte Juffer;2014-06-05;17169;3,001;27,009
De Witte Juffer;2014-06-04;3265;0,571;5,136
De Witte Juffer;2014-06-03;-170;-0,03;-0,267
De Witte Juffer;2014-06-02;471;0,082;0,741
De Witte Juffer;2014-06-01;423;0,074;0,665
De Witte Juffer;2014-05-31;1401;0,245;2,204
De Witte Juffer;2014-05-30;2288;0,4;3,599
De Witte Juffer;2014-05-29;2880;0,503;4,531
De Witte Juffer;2014-05-28;84;0,015;0,132
De Witte Juffer;2014-05-27;-222;-0,039;-0,349
De Witte Juffer;2014-05-26;4449;0,778;6,999
De Witte Juffer;2014-05-25;2151;0,376;3,384
De Witte Juffer;2014-05-24;6847;1,197;10,771
De Witte Juffer;2014-05-23;2184;0,382;3,436
De Witte Juffer;2014-05-22;10532;1,841;16,568
De Witte Juffer;2014-05-21;3566;0,623;5,61
De Witte Juffer;2014-05-20;6884;1,203;10,83
De Witte Juffer;2014-05-19;1950;0,341;3,068
De Witte Juffer;2014-05-18;-168;-0,029;-0,264
De Witte Juffer;2014-05-17;1027;0,18;1,616
De Witte Juffer;2014-05-16;1996;0,349;3,14
De Witte Juffer;2014-05-15;2033;0,355;3,198
De Witte Juffer;2014-05-14;5751;1,005;9,047
De Witte Juffer;2014-05-13;3027;0,529;4,762
De Witte Juffer;2014-05-12;9263;1,619;14,572
De Witte Juffer;2014-05-11;37335;6,526;58,734
De Witte Juffer;2014-05-10;21004;3,671;33,042
De Witte Juffer;2014-05-09;29251;5,113;46,016
De Witte Juffer;2014-05-08;17138;2,996;26,961
De Witte Juffer;2014-05-07;17677;3,09;27,809
De Witte Juffer;2014-05-06;4174;0,73;6,566
De Witte Juffer;2014-05-05;3504;0,612;5,512
De Witte Juffer;2014-05-04;-116;-0,02;-0,182
De Witte Juffer;2014-05-03;5201;0,909;8,182
De Witte Juffer;2014-05-02;10648;1,861;16,751
De Witte Juffer;2014-05-01;374;0,065;0,588
De Witte Juffer;2014-04-30;325;0,057;0,511
De Witte Juffer;2014-04-29;50;0,009;0,079
De Witte Juffer;2014-04-28;311;0,054;0,489
De Witte Juffer;2014-04-27;196;0,034;0,308
De Witte Juffer;2014-04-26;1279;0,224;2,012
De Witte Juffer;2014-04-25;5522;0,965;8,687
De Witte Juffer;2014-04-24;2624;0,459;4,128
De Witte Juffer;2014-04-23;154;0,027;0,242
De Witte Juffer;2014-04-22;1419;0,248;2,232
De Witte Juffer;2014-04-21;1789;0,313;2,814
De Witte Juffer;2014-04-20;14159;2,475;22,274
De Witte Juffer;2014-04-19;5929;1,036;9,327
De Witte Juffer;2014-04-18;10809;1,889;17,004
De Witte Juffer;2014-04-17;11143;1,948;17,53
De Witte Juffer;2014-04-16;1703;0,298;2,679
De Witte Juffer;2014-04-15;7700;1,346;12,113
De Witte Juffer;2014-04-14;28188;4,927;44,344
De Witte Juffer;2014-04-13;5350;0,935;8,416
De Witte Juffer;2014-04-12;3279;0,573;5,158
De Witte Juffer;2014-04-11;1951;0,341;3,069
De Witte Juffer;2014-04-10;531;0,093;0,835
De Witte Juffer;2014-04-09;10597;1,852;16,671
De Witte Juffer;2014-04-08;24517;4,285;38,569
De Witte Juffer;2014-04-07;7665;1,34;12,058
De Witte Juffer;2014-04-06;5974;1,044;9,398
De Witte Juffer;2014-04-05;225;0,039;0,354
De Witte Juffer;2014-04-04;20;0,003;0,031
De Witte Juffer;2014-04-03;904;0,158;1,422
De Witte Juffer;2014-04-02;1335;0,233;2,1
De Witte Juffer;2014-04-01;1284;0,224;2,02
De Witte Juffer;2014-03-31;1416;0,248;2,228
De Witte Juffer;2014-03-30;3587;0,627;5,643
De Witte Juffer;2014-03-29;5700;0,996;8,967
De Witte Juffer;2014-03-28;5548;0,97;8,728
De Witte Juffer;2014-03-27;8523;1,49;13,408
De Witte Juffer;2014-03-26;2244;0,392;3,53
De Witte Juffer;2014-03-25;3740;0,654;5,884
De Witte Juffer;2014-03-24;773;0,135;1,216
De Witte Juffer;2014-03-23;5761;1,007;9,063
De Witte Juffer;2014-03-22;13757;2,405;21,642
De Witte Juffer;2014-03-21;9504;1,661;14,951
De Witte Juffer;2014-03-20;19456;3,401;30,607
De Witte Juffer;2014-03-19;23824;4,164;37,479
De Witte Juffer;2014-03-18;19334;3,379;30,415
De Witte Juffer;2014-03-17;5540;0,968;8,715
De Witte Juffer;2014-03-16;9157;1,601;14,405
De Witte Juffer;2014-03-15;20093;3,512;31,609
De Witte Juffer;2014-03-14;5216;0,912;8,206
De Witte Juffer;2014-03-13;1334;0,233;2,099
De Witte Juffer;2014-03-12;2449;0,428;3,853
De Witte Juffer;2014-03-11;6718;1,174;10,568
De Witte Juffer;2014-03-10;6983;1,221;10,985
De Witte Juffer;2014-03-09;9316;1,628;14,655
De Witte Juffer;2014-03-08;8947;1,564;14,075
De Witte Juffer;2014-03-07;10036;1,754;15,788
De Witte Juffer;2014-03-06;5235;0,915;8,235
De Witte Juffer;2014-03-05;8;0,001;0,013
De Witte Juffer;2014-03-04;2760;0,482;4,342
De Witte Juffer;2014-03-03;14235;2,488;22,394
De Witte Juffer;2014-03-02;14039;2,454;22,085
De Witte Juffer;2014-03-01;1907;0,333;3
De Witte Juffer;2014-02-28;6125;1,071;9,636
De Witte Juffer;2014-02-27;20785;3,633;32,698
De Witte Juffer;2014-02-26;5284;0,924;8,313
De Witte Juffer;2014-02-25;15676;2,74;24,661
De Witte Juffer;2014-02-24;11855;2,072;18,65
De Witte Juffer;2014-02-23;19943;3,486;31,373
De Witte Juffer;2014-02-22;15555;2,719;24,47
De Witte Juffer;2014-02-21;17230;3,012;27,105
De Witte Juffer;2014-02-20;21151;3,697;33,274
De Witte Juffer;2014-02-19;6943;1,214;10,922
De Witte Juffer;2014-02-18;7912;1,383;12,447
De Witte Juffer;2014-02-17;6912;1,208;10,874
De Witte Juffer;2014-02-16;21172;3,701;33,307
De Witte Juffer;2014-02-15;44168;7,72;69,483
De Witte Juffer;2014-02-14;22829;3,99;35,913
De Witte Juffer;2014-02-13;19339;3,38;30,423
De Witte Juffer;2014-02-12;29085;5,084;45,755
De Witte Juffer;2014-02-11;19435;3,397;30,574
De Witte Juffer;2014-02-10;5386;0,941;8,473
De Witte Juffer;2014-02-09;41779;7,303;65,725
De Witte Juffer;2014-02-08;36040;6,3;56,696
De Witte Juffer;2014-02-07;29720;5,195;46,754
De Witte Juffer;2014-02-06;32024;5,598;50,379
De Witte Juffer;2014-02-05;36710;6,417;57,75
De Witte Juffer;2014-02-04;19243;3,364;30,272
De Witte Juffer;2014-02-03;8943;1,563;14,069
De Witte Juffer;2014-02-02;19342;3,381;30,428
De Witte Juffer;2014-02-01;31407;5,49;49,408
De Witte Juffer;2014-01-31;10150;1,774;15,967
De Witte Juffer;2014-01-30;2009;0,351;3,16
De Witte Juffer;2014-01-29;13421;2,346;21,113
De Witte Juffer;2014-01-28;25789;4,508;40,57
De Witte Juffer;2014-01-27;19248;3,364;30,28
De Witte Juffer;2014-01-26;22347;3,906;35,155
De Witte Juffer;2014-01-25;12818;2,241;20,165
De Witte Juffer;2014-01-24;1768;0,309;2,781
De Witte Juffer;2014-01-23;3299;0,577;5,19
De Witte Juffer;2014-01-22;5367;0,938;8,443
De Witte Juffer;2014-01-21;216;0,038;0,34
De Witte Juffer;2014-01-20;61;0,011;0,096
De Witte Juffer;2014-01-19;8169;1,428;12,851
De Witte Juffer;2014-01-18;11134;1,946;17,515
De Witte Juffer;2014-01-17;19612;3,428;30,853
De Witte Juffer;2014-01-16;14459;2,527;22,746
De Witte Juffer;2014-01-15;13128;2,295;20,652
De Witte Juffer;2014-01-14;6987;1,221;10,992
De Witte Juffer;2014-01-13;15245;2,665;23,983
De Witte Juffer;2014-01-12;7596;1,328;11,95
De Witte Juffer;2014-01-11;9946;1,739;15,647
De Witte Juffer;2014-01-10;9204;1,609;14,479
De Witte Juffer;2014-01-09;30935;5,407;48,665
De Witte Juffer;2014-01-08;17382;3,038;27,345
De Witte Juffer;2014-01-07;30226;5,283;47,55
De Witte Juffer;2014-01-06;37101;6,485;58,365
De Witte Juffer;2014-01-05;15473;2,705;24,341
De Witte Juffer;2014-01-04;20544;3,591;32,319
De Witte Juffer;2014-01-03;34530;6,036;54,321
De Witte Juffer;2014-01-02;25389;4,438;39,941
De Witte Juffer;2014-01-01;26606;4,651;41,855
